<?xml version="1.0" encoding="UTF-8" ?>
<!DOCTYPE mapper PUBLIC "-//mybatis.org//DTD Mapper 3.0//EN" "http://mybatis.org/dtd/mybatis-3-mapper.dtd" >
<mapper namespace="com.bilibili.meeting.mapper.ActivityVoteInfoMapper" >
  <resultMap id="BaseResultMap" type="com.bilibili.meeting.model.ActivityVoteInfo" >
    <!--
      WARNING - @mbggenerated
      This element is automatically generated by MyBatis Generator, do not modify.
      This element was generated on Wed Dec 19 18:21:05 CST 2018.
    -->
    <id column="id" property="id" jdbcType="INTEGER" />
    <result column="vote_name" property="voteName" jdbcType="VARCHAR" />
    <result column="vote_number" property="voteNumber" jdbcType="INTEGER" />
    <result column="activity_id" property="activityId" jdbcType="INTEGER" />
  </resultMap>
  <sql id="Example_Where_Clause" >
    <!--
      WARNING - @mbggenerated
      This element is automatically generated by MyBatis Generator, do not modify.
      This element was generated on Wed Dec 19 18:21:05 CST 2018.
    -->
    <where >
      <foreach collection="oredCriteria" item="criteria" separator="or" >
        <if test="criteria.valid" >
          <trim prefix="(" suffix=")" prefixOverrides="and" >
            <foreach collection="criteria.criteria" item="criterion" >
              <choose >
                <when test="criterion.noValue" >
                  and ${criterion.condition}
                </when>
                <when test="criterion.singleValue" >
                  and ${criterion.condition} #{criterion.value}
                </when>
                <when test="criterion.betweenValue" >
                  and ${criterion.condition} #{criterion.value} and #{criterion.secondValue}
                </when>
                <when test="criterion.listValue" >
                  and ${criterion.condition}
                  <foreach collection="criterion.value" item="listItem" open="(" close=")" separator="," >
                    #{listItem}
                  </foreach>
                </when>
              </choose>
            </foreach>
          </trim>
        </if>
      </foreach>
    </where>
  </sql>
  <sql id="Update_By_Example_Where_Clause" >
    <!--
      WARNING - @mbggenerated
      This element is automatically generated by MyBatis Generator, do not modify.
      This element was generated on Wed Dec 19 18:21:05 CST 2018.
    -->
    <where >
      <foreach collection="example.oredCriteria" item="criteria" separator="or" >
        <if test="criteria.valid" >
          <trim prefix="(" suffix=")" prefixOverrides="and" >
            <foreach collection="criteria.criteria" item="criterion" >
              <choose >
                <when test="criterion.noValue" >
                  and ${criterion.condition}
                </when>
                <when test="criterion.singleValue" >
                  and ${criterion.condition} #{criterion.value}
                </when>
                <when test="criterion.betweenValue" >
                  and ${criterion.condition} #{criterion.value} and #{criterion.secondValue}
                </when>
                <when test="criterion.listValue" >
                  and ${criterion.condition}
                  <foreach collection="criterion.value" item="listItem" open="(" close=")" separator="," >
                    #{listItem}
                  </foreach>
                </when>
              </choose>
            </foreach>
          </trim>
        </if>
      </foreach>
    </where>
  </sql>
  <sql id="Base_Column_List" >
    <!--
      WARNING - @mbggenerated
      This element is automatically generated by MyBatis Generator, do not modify.
      This element was generated on Wed Dec 19 18:21:05 CST 2018.
    -->
    id, vote_name, vote_number, activity_id
  </sql>
  <select id="selectByExample" resultMap="BaseResultMap" parameterType="com.bilibili.meeting.model.ActivityVoteInfoExample" >
    <!--
      WARNING - @mbggenerated
      This element is automatically generated by MyBatis Generator, do not modify.
      This element was generated on Wed Dec 19 18:21:05 CST 2018.
    -->
    select
    <if test="distinct" >
      distinct
    </if>
    'true' as QUERYID,
    <include refid="Base_Column_List" />
    from activity_vote_info
    <if test="_parameter != null" >
      <include refid="Example_Where_Clause" />
    </if>
    <if test="orderByClause != null" >
      order by ${orderByClause}
    </if>
  </select>
  <select id="selectByPrimaryKey" resultMap="BaseResultMap" parameterType="java.lang.Integer" >
    <!--
      WARNING - @mbggenerated
      This element is automatically generated by MyBatis Generator, do not modify.
      This element was generated on Wed Dec 19 18:21:05 CST 2018.
    -->
    select 
    <include refid="Base_Column_List" />
    from activity_vote_info
    where id = #{id,jdbcType=INTEGER}
  </select>
  <delete id="deleteByPrimaryKey" parameterType="java.lang.Integer" >
    <!--
      WARNING - @mbggenerated
      This element is automatically generated by MyBatis Generator, do not modify.
      This element was generated on Wed Dec 19 18:21:05 CST 2018.
    -->
    delete from activity_vote_info
    where id = #{id,jdbcType=INTEGER}
  </delete>
  <delete id="deleteByExample" parameterType="com.bilibili.meeting.model.ActivityVoteInfoExample" >
    <!--
      WARNING - @mbggenerated
      This element is automatically generated by MyBatis Generator, do not modify.
      This element was generated on Wed Dec 19 18:21:05 CST 2018.
    -->
    delete from activity_vote_info
    <if test="_parameter != null" >
      <include refid="Example_Where_Clause" />
    </if>
  </delete>
  <insert id="insert" parameterType="com.bilibili.meeting.model.ActivityVoteInfo" >
    <!--
      WARNING - @mbggenerated
      This element is automatically generated by MyBatis Generator, do not modify.
      This element was generated on Wed Dec 19 18:21:05 CST 2018.
    -->
    insert into activity_vote_info (id, vote_name, vote_number, 
      activity_id)
    values (#{id,jdbcType=INTEGER}, #{voteName,jdbcType=VARCHAR}, #{voteNumber,jdbcType=INTEGER}, 
      #{activityId,jdbcType=INTEGER})
  </insert>
  <insert id="insertSelective" parameterType="com.bilibili.meeting.model.ActivityVoteInfo" >
    <!--
      WARNING - @mbggenerated
      This element is automatically generated by MyBatis Generator, do not modify.
      This element was generated on Wed Dec 19 18:21:05 CST 2018.
    -->
    insert into activity_vote_info
    <trim prefix="(" suffix=")" suffixOverrides="," >
      <if test="id != null" >
        id,
      </if>
      <if test="voteName != null" >
        vote_name,
      </if>
      <if test="voteNumber != null" >
        vote_number,
      </if>
      <if test="activityId != null" >
        activity_id,
      </if>
    </trim>
    <trim prefix="values (" suffix=")" suffixOverrides="," >
      <if test="id != null" >
        #{id,jdbcType=INTEGER},
      </if>
      <if test="voteName != null" >
        #{voteName,jdbcType=VARCHAR},
      </if>
      <if test="voteNumber != null" >
        #{voteNumber,jdbcType=INTEGER},
      </if>
      <if test="activityId != null" >
        #{activityId,jdbcType=INTEGER},
      </if>
    </trim>
  </insert>
  <select id="countByExample" parameterType="com.bilibili.meeting.model.ActivityVoteInfoExample" resultType="java.lang.Integer" >
    <!--
      WARNING - @mbggenerated
      This element is automatically generated by MyBatis Generator, do not modify.
      This element was generated on Wed Dec 19 18:21:05 CST 2018.
    -->
    select count(*) from activity_vote_info
    <if test="_parameter != null" >
      <include refid="Example_Where_Clause" />
    </if>
  </select>
  <update id="updateByExampleSelective" parameterType="map" >
    <!--
      WARNING - @mbggenerated
      This element is automatically generated by MyBatis Generator, do not modify.
      This element was generated on Wed Dec 19 18:21:05 CST 2018.
    -->
    update activity_vote_info
    <set >
      <if test="record.id != null" >
        id = #{record.id,jdbcType=INTEGER},
      </if>
      <if test="record.voteName != null" >
        vote_name = #{record.voteName,jdbcType=VARCHAR},
      </if>
      <if test="record.voteNumber != null" >
        vote_number = #{record.voteNumber,jdbcType=INTEGER},
      </if>
      <if test="record.activityId != null" >
        activity_id = #{record.activityId,jdbcType=INTEGER},
      </if>
    </set>
    <if test="_parameter != null" >
      <include refid="Update_By_Example_Where_Clause" />
    </if>
  </update>
  <update id="updateByExample" parameterType="map" >
    <!--
      WARNING - @mbggenerated
      This element is automatically generated by MyBatis Generator, do not modify.
      This element was generated on Wed Dec 19 18:21:05 CST 2018.
    -->
    update activity_vote_info
    set id = #{record.id,jdbcType=INTEGER},
      vote_name = #{record.voteName,jdbcType=VARCHAR},
      vote_number = #{record.voteNumber,jdbcType=INTEGER},
      activity_id = #{record.activityId,jdbcType=INTEGER}
    <if test="_parameter != null" >
      <include refid="Update_By_Example_Where_Clause" />
    </if>
  </update>
  <update id="updateByPrimaryKeySelective" parameterType="com.bilibili.meeting.model.ActivityVoteInfo" >
    <!--
      WARNING - @mbggenerated
      This element is automatically generated by MyBatis Generator, do not modify.
      This element was generated on Wed Dec 19 18:21:05 CST 2018.
    -->
    update activity_vote_info
    <set >
      <if test="voteName != null" >
        vote_name = #{voteName,jdbcType=VARCHAR},
      </if>
      <if test="voteNumber != null" >
        vote_number = #{voteNumber,jdbcType=INTEGER},
      </if>
      <if test="activityId != null" >
        activity_id = #{activityId,jdbcType=INTEGER},
      </if>
    </set>
    where id = #{id,jdbcType=INTEGER}
  </update>
  <update id="updateByPrimaryKey" parameterType="com.bilibili.meeting.model.ActivityVoteInfo" >
    <!--
      WARNING - @mbggenerated
      This element is automatically generated by MyBatis Generator, do not modify.
      This element was generated on Wed Dec 19 18:21:05 CST 2018.
    -->
    update activity_vote_info
    set vote_name = #{voteName,jdbcType=VARCHAR},
      vote_number = #{voteNumber,jdbcType=INTEGER},
      activity_id = #{activityId,jdbcType=INTEGER}
    where id = #{id,jdbcType=INTEGER}
  </update>
</mapper>