<?xml version="1.0" encoding="UTF-8" ?>
<!DOCTYPE mapper PUBLIC "-//mybatis.org//DTD Mapper 3.0//EN" "http://mybatis.org/dtd/mybatis-3-mapper.dtd" >
<mapper namespace="com.bilibili.meeting.mapper.ActivityBaseInfoMapper" >
  <resultMap id="BaseResultMap" type="com.bilibili.meeting.model.ActivityBaseInfo" >
    <!--
      WARNING - @mbggenerated
      This element is automatically generated by MyBatis Generator, do not modify.
      This element was generated on Mon Dec 24 13:13:52 CST 2018.
    -->
    <id column="id" property="id" jdbcType="INTEGER" />
    <result column="activity_name" property="activityName" jdbcType="VARCHAR" />
    <result column="activity_desc" property="activityDesc" jdbcType="VARCHAR" />
    <result column="activity_type" property="activityType" jdbcType="INTEGER" />
    <result column="status" property="status" jdbcType="INTEGER" />
    <result column="update_time" property="updateTime" jdbcType="TIMESTAMP" />
  </resultMap>
  <sql id="Example_Where_Clause" >
    <!--
      WARNING - @mbggenerated
      This element is automatically generated by MyBatis Generator, do not modify.
      This element was generated on Mon Dec 24 13:13:52 CST 2018.
    -->
    <where >
      <foreach collection="oredCriteria" item="criteria" separator="or" >
        <if test="criteria.valid" >
          <trim prefix="(" suffix=")" prefixOverrides="and" >
            <foreach collection="criteria.criteria" item="criterion" >
              <choose >
                <when test="criterion.noValue" >
                  and ${criterion.condition}
                </when>
                <when test="criterion.singleValue" >
                  and ${criterion.condition} #{criterion.value}
                </when>
                <when test="criterion.betweenValue" >
                  and ${criterion.condition} #{criterion.value} and #{criterion.secondValue}
                </when>
                <when test="criterion.listValue" >
                  and ${criterion.condition}
                  <foreach collection="criterion.value" item="listItem" open="(" close=")" separator="," >
                    #{listItem}
                  </foreach>
                </when>
              </choose>
            </foreach>
          </trim>
        </if>
      </foreach>
    </where>
  </sql>
  <sql id="Update_By_Example_Where_Clause" >
    <!--
      WARNING - @mbggenerated
      This element is automatically generated by MyBatis Generator, do not modify.
      This element was generated on Mon Dec 24 13:13:52 CST 2018.
    -->
    <where >
      <foreach collection="example.oredCriteria" item="criteria" separator="or" >
        <if test="criteria.valid" >
          <trim prefix="(" suffix=")" prefixOverrides="and" >
            <foreach collection="criteria.criteria" item="criterion" >
              <choose >
                <when test="criterion.noValue" >
                  and ${criterion.condition}
                </when>
                <when test="criterion.singleValue" >
                  and ${criterion.condition} #{criterion.value}
                </when>
                <when test="criterion.betweenValue" >
                  and ${criterion.condition} #{criterion.value} and #{criterion.secondValue}
                </when>
                <when test="criterion.listValue" >
                  and ${criterion.condition}
                  <foreach collection="criterion.value" item="listItem" open="(" close=")" separator="," >
                    #{listItem}
                  </foreach>
                </when>
              </choose>
            </foreach>
          </trim>
        </if>
      </foreach>
    </where>
  </sql>
  <sql id="Base_Column_List" >
    <!--
      WARNING - @mbggenerated
      This element is automatically generated by MyBatis Generator, do not modify.
      This element was generated on Mon Dec 24 13:13:52 CST 2018.
    -->
    id, activity_name, activity_desc, activity_type, status, update_time
  </sql>
  <select id="selectByExample" resultMap="BaseResultMap" parameterType="com.bilibili.meeting.model.ActivityBaseInfoExample" >
    <!--
      WARNING - @mbggenerated
      This element is automatically generated by MyBatis Generator, do not modify.
      This element was generated on Mon Dec 24 13:13:52 CST 2018.
    -->
    select
    <if test="distinct" >
      distinct
    </if>
    'true' as QUERYID,
    <include refid="Base_Column_List" />
    from activity_base_info
    <if test="_parameter != null" >
      <include refid="Example_Where_Clause" />
    </if>
    <if test="orderByClause != null" >
      order by ${orderByClause}
    </if>
  </select>
  <select id="selectByPrimaryKey" resultMap="BaseResultMap" parameterType="java.lang.Integer" >
    <!--
      WARNING - @mbggenerated
      This element is automatically generated by MyBatis Generator, do not modify.
      This element was generated on Mon Dec 24 13:13:52 CST 2018.
    -->
    select 
    <include refid="Base_Column_List" />
    from activity_base_info
    where id = #{id,jdbcType=INTEGER}
  </select>
  <delete id="deleteByPrimaryKey" parameterType="java.lang.Integer" >
    <!--
      WARNING - @mbggenerated
      This element is automatically generated by MyBatis Generator, do not modify.
      This element was generated on Mon Dec 24 13:13:52 CST 2018.
    -->
    delete from activity_base_info
    where id = #{id,jdbcType=INTEGER}
  </delete>
  <delete id="deleteByExample" parameterType="com.bilibili.meeting.model.ActivityBaseInfoExample" >
    <!--
      WARNING - @mbggenerated
      This element is automatically generated by MyBatis Generator, do not modify.
      This element was generated on Mon Dec 24 13:13:52 CST 2018.
    -->
    delete from activity_base_info
    <if test="_parameter != null" >
      <include refid="Example_Where_Clause" />
    </if>
  </delete>
  <insert id="insert" parameterType="com.bilibili.meeting.model.ActivityBaseInfo" >
    <!--
      WARNING - @mbggenerated
      This element is automatically generated by MyBatis Generator, do not modify.
      This element was generated on Mon Dec 24 13:13:52 CST 2018.
    -->
    insert into activity_base_info (id, activity_name, activity_desc, 
      activity_type, status, update_time
      )
    values (#{id,jdbcType=INTEGER}, #{activityName,jdbcType=VARCHAR}, #{activityDesc,jdbcType=VARCHAR}, 
      #{activityType,jdbcType=INTEGER}, #{status,jdbcType=INTEGER}, #{updateTime,jdbcType=TIMESTAMP}
      )
  </insert>
  <insert id="insertSelective" parameterType="com.bilibili.meeting.model.ActivityBaseInfo" >
    <!--
      WARNING - @mbggenerated
      This element is automatically generated by MyBatis Generator, do not modify.
      This element was generated on Mon Dec 24 13:13:52 CST 2018.
    -->
    insert into activity_base_info
    <trim prefix="(" suffix=")" suffixOverrides="," >
      <if test="id != null" >
        id,
      </if>
      <if test="activityName != null" >
        activity_name,
      </if>
      <if test="activityDesc != null" >
        activity_desc,
      </if>
      <if test="activityType != null" >
        activity_type,
      </if>
      <if test="status != null" >
        status,
      </if>
      <if test="updateTime != null" >
        update_time,
      </if>
    </trim>
    <trim prefix="values (" suffix=")" suffixOverrides="," >
      <if test="id != null" >
        #{id,jdbcType=INTEGER},
      </if>
      <if test="activityName != null" >
        #{activityName,jdbcType=VARCHAR},
      </if>
      <if test="activityDesc != null" >
        #{activityDesc,jdbcType=VARCHAR},
      </if>
      <if test="activityType != null" >
        #{activityType,jdbcType=INTEGER},
      </if>
      <if test="status != null" >
        #{status,jdbcType=INTEGER},
      </if>
      <if test="updateTime != null" >
        #{updateTime,jdbcType=TIMESTAMP},
      </if>
    </trim>
  </insert>
  <select id="countByExample" parameterType="com.bilibili.meeting.model.ActivityBaseInfoExample" resultType="java.lang.Integer" >
    <!--
      WARNING - @mbggenerated
      This element is automatically generated by MyBatis Generator, do not modify.
      This element was generated on Mon Dec 24 13:13:52 CST 2018.
    -->
    select count(*) from activity_base_info
    <if test="_parameter != null" >
      <include refid="Example_Where_Clause" />
    </if>
  </select>
  <update id="updateByExampleSelective" parameterType="map" >
    <!--
      WARNING - @mbggenerated
      This element is automatically generated by MyBatis Generator, do not modify.
      This element was generated on Mon Dec 24 13:13:52 CST 2018.
    -->
    update activity_base_info
    <set >
      <if test="record.id != null" >
        id = #{record.id,jdbcType=INTEGER},
      </if>
      <if test="record.activityName != null" >
        activity_name = #{record.activityName,jdbcType=VARCHAR},
      </if>
      <if test="record.activityDesc != null" >
        activity_desc = #{record.activityDesc,jdbcType=VARCHAR},
      </if>
      <if test="record.activityType != null" >
        activity_type = #{record.activityType,jdbcType=INTEGER},
      </if>
      <if test="record.status != null" >
        status = #{record.status,jdbcType=INTEGER},
      </if>
      <if test="record.updateTime != null" >
        update_time = #{record.updateTime,jdbcType=TIMESTAMP},
      </if>
    </set>
    <if test="_parameter != null" >
      <include refid="Update_By_Example_Where_Clause" />
    </if>
  </update>
  <update id="updateByExample" parameterType="map" >
    <!--
      WARNING - @mbggenerated
      This element is automatically generated by MyBatis Generator, do not modify.
      This element was generated on Mon Dec 24 13:13:52 CST 2018.
    -->
    update activity_base_info
    set id = #{record.id,jdbcType=INTEGER},
      activity_name = #{record.activityName,jdbcType=VARCHAR},
      activity_desc = #{record.activityDesc,jdbcType=VARCHAR},
      activity_type = #{record.activityType,jdbcType=INTEGER},
      status = #{record.status,jdbcType=INTEGER},
      update_time = #{record.updateTime,jdbcType=TIMESTAMP}
    <if test="_parameter != null" >
      <include refid="Update_By_Example_Where_Clause" />
    </if>
  </update>
  <update id="updateByPrimaryKeySelective" parameterType="com.bilibili.meeting.model.ActivityBaseInfo" >
    <!--
      WARNING - @mbggenerated
      This element is automatically generated by MyBatis Generator, do not modify.
      This element was generated on Mon Dec 24 13:13:52 CST 2018.
    -->
    update activity_base_info
    <set >
      <if test="activityName != null" >
        activity_name = #{activityName,jdbcType=VARCHAR},
      </if>
      <if test="activityDesc != null" >
        activity_desc = #{activityDesc,jdbcType=VARCHAR},
      </if>
      <if test="activityType != null" >
        activity_type = #{activityType,jdbcType=INTEGER},
      </if>
      <if test="status != null" >
        status = #{status,jdbcType=INTEGER},
      </if>
      <if test="updateTime != null" >
        update_time = #{updateTime,jdbcType=TIMESTAMP},
      </if>
    </set>
    where id = #{id,jdbcType=INTEGER}
  </update>
  <update id="updateByPrimaryKey" parameterType="com.bilibili.meeting.model.ActivityBaseInfo" >
    <!--
      WARNING - @mbggenerated
      This element is automatically generated by MyBatis Generator, do not modify.
      This element was generated on Mon Dec 24 13:13:52 CST 2018.
    -->
    update activity_base_info
    set activity_name = #{activityName,jdbcType=VARCHAR},
      activity_desc = #{activityDesc,jdbcType=VARCHAR},
      activity_type = #{activityType,jdbcType=INTEGER},
      status = #{status,jdbcType=INTEGER},
      update_time = #{updateTime,jdbcType=TIMESTAMP}
    where id = #{id,jdbcType=INTEGER}
  </update>
</mapper>