<?xml version="1.0" encoding="UTF-8" ?>
<!DOCTYPE mapper PUBLIC "-//mybatis.org//DTD Mapper 3.0//EN" "http://mybatis.org/dtd/mybatis-3-mapper.dtd" >
<mapper namespace="com.bilibili.meeting.mapper.ActivityUserVoteMapper" >
  <resultMap id="BaseResultMap" type="com.bilibili.meeting.model.ActivityUserVote" >
    <!--
      WARNING - @mbggenerated
      This element is automatically generated by MyBatis Generator, do not modify.
      This element was generated on Thu Dec 20 13:40:42 CST 2018.
    -->
    <id column="activity_id" property="activityId" jdbcType="INTEGER" />
    <id column="user_id" property="userId" jdbcType="INTEGER" />
    <result column="vote_id" property="voteId" jdbcType="INTEGER" />
  </resultMap>
  <sql id="Example_Where_Clause" >
    <!--
      WARNING - @mbggenerated
      This element is automatically generated by MyBatis Generator, do not modify.
      This element was generated on Thu Dec 20 13:40:42 CST 2018.
    -->
    <where >
      <foreach collection="oredCriteria" item="criteria" separator="or" >
        <if test="criteria.valid" >
          <trim prefix="(" suffix=")" prefixOverrides="and" >
            <foreach collection="criteria.criteria" item="criterion" >
              <choose >
                <when test="criterion.noValue" >
                  and ${criterion.condition}
                </when>
                <when test="criterion.singleValue" >
                  and ${criterion.condition} #{criterion.value}
                </when>
                <when test="criterion.betweenValue" >
                  and ${criterion.condition} #{criterion.value} and #{criterion.secondValue}
                </when>
                <when test="criterion.listValue" >
                  and ${criterion.condition}
                  <foreach collection="criterion.value" item="listItem" open="(" close=")" separator="," >
                    #{listItem}
                  </foreach>
                </when>
              </choose>
            </foreach>
          </trim>
        </if>
      </foreach>
    </where>
  </sql>
  <sql id="Update_By_Example_Where_Clause" >
    <!--
      WARNING - @mbggenerated
      This element is automatically generated by MyBatis Generator, do not modify.
      This element was generated on Thu Dec 20 13:40:42 CST 2018.
    -->
    <where >
      <foreach collection="example.oredCriteria" item="criteria" separator="or" >
        <if test="criteria.valid" >
          <trim prefix="(" suffix=")" prefixOverrides="and" >
            <foreach collection="criteria.criteria" item="criterion" >
              <choose >
                <when test="criterion.noValue" >
                  and ${criterion.condition}
                </when>
                <when test="criterion.singleValue" >
                  and ${criterion.condition} #{criterion.value}
                </when>
                <when test="criterion.betweenValue" >
                  and ${criterion.condition} #{criterion.value} and #{criterion.secondValue}
                </when>
                <when test="criterion.listValue" >
                  and ${criterion.condition}
                  <foreach collection="criterion.value" item="listItem" open="(" close=")" separator="," >
                    #{listItem}
                  </foreach>
                </when>
              </choose>
            </foreach>
          </trim>
        </if>
      </foreach>
    </where>
  </sql>
  <sql id="Base_Column_List" >
    <!--
      WARNING - @mbggenerated
      This element is automatically generated by MyBatis Generator, do not modify.
      This element was generated on Thu Dec 20 13:40:42 CST 2018.
    -->
    activity_id, user_id, vote_id
  </sql>
  <select id="selectByExample" resultMap="BaseResultMap" parameterType="com.bilibili.meeting.model.ActivityUserVoteExample" >
    <!--
      WARNING - @mbggenerated
      This element is automatically generated by MyBatis Generator, do not modify.
      This element was generated on Thu Dec 20 13:40:42 CST 2018.
    -->
    select
    <if test="distinct" >
      distinct
    </if>
    'true' as QUERYID,
    <include refid="Base_Column_List" />
    from activity_user_vote
    <if test="_parameter != null" >
      <include refid="Example_Where_Clause" />
    </if>
    <if test="orderByClause != null" >
      order by ${orderByClause}
    </if>
  </select>
  <select id="selectByPrimaryKey" resultMap="BaseResultMap" parameterType="com.bilibili.meeting.model.ActivityUserVoteKey" >
    <!--
      WARNING - @mbggenerated
      This element is automatically generated by MyBatis Generator, do not modify.
      This element was generated on Thu Dec 20 13:40:42 CST 2018.
    -->
    select 
    <include refid="Base_Column_List" />
    from activity_user_vote
    where activity_id = #{activityId,jdbcType=INTEGER}
      and user_id = #{userId,jdbcType=INTEGER}
  </select>
  <delete id="deleteByPrimaryKey" parameterType="com.bilibili.meeting.model.ActivityUserVoteKey" >
    <!--
      WARNING - @mbggenerated
      This element is automatically generated by MyBatis Generator, do not modify.
      This element was generated on Thu Dec 20 13:40:42 CST 2018.
    -->
    delete from activity_user_vote
    where activity_id = #{activityId,jdbcType=INTEGER}
      and user_id = #{userId,jdbcType=INTEGER}
  </delete>
  <delete id="deleteByExample" parameterType="com.bilibili.meeting.model.ActivityUserVoteExample" >
    <!--
      WARNING - @mbggenerated
      This element is automatically generated by MyBatis Generator, do not modify.
      This element was generated on Thu Dec 20 13:40:42 CST 2018.
    -->
    delete from activity_user_vote
    <if test="_parameter != null" >
      <include refid="Example_Where_Clause" />
    </if>
  </delete>
  <insert id="insert" parameterType="com.bilibili.meeting.model.ActivityUserVote" >
    <!--
      WARNING - @mbggenerated
      This element is automatically generated by MyBatis Generator, do not modify.
      This element was generated on Thu Dec 20 13:40:42 CST 2018.
    -->
    insert into activity_user_vote (activity_id, user_id, vote_id
      )
    values (#{activityId,jdbcType=INTEGER}, #{userId,jdbcType=INTEGER}, #{voteId,jdbcType=INTEGER}
      )
  </insert>
  <insert id="insertSelective" parameterType="com.bilibili.meeting.model.ActivityUserVote" >
    <!--
      WARNING - @mbggenerated
      This element is automatically generated by MyBatis Generator, do not modify.
      This element was generated on Thu Dec 20 13:40:42 CST 2018.
    -->
    insert into activity_user_vote
    <trim prefix="(" suffix=")" suffixOverrides="," >
      <if test="activityId != null" >
        activity_id,
      </if>
      <if test="userId != null" >
        user_id,
      </if>
      <if test="voteId != null" >
        vote_id,
      </if>
    </trim>
    <trim prefix="values (" suffix=")" suffixOverrides="," >
      <if test="activityId != null" >
        #{activityId,jdbcType=INTEGER},
      </if>
      <if test="userId != null" >
        #{userId,jdbcType=INTEGER},
      </if>
      <if test="voteId != null" >
        #{voteId,jdbcType=INTEGER},
      </if>
    </trim>
  </insert>
  <select id="countByExample" parameterType="com.bilibili.meeting.model.ActivityUserVoteExample" resultType="java.lang.Integer" >
    <!--
      WARNING - @mbggenerated
      This element is automatically generated by MyBatis Generator, do not modify.
      This element was generated on Thu Dec 20 13:40:42 CST 2018.
    -->
    select count(*) from activity_user_vote
    <if test="_parameter != null" >
      <include refid="Example_Where_Clause" />
    </if>
  </select>
  <update id="updateByExampleSelective" parameterType="map" >
    <!--
      WARNING - @mbggenerated
      This element is automatically generated by MyBatis Generator, do not modify.
      This element was generated on Thu Dec 20 13:40:42 CST 2018.
    -->
    update activity_user_vote
    <set >
      <if test="record.activityId != null" >
        activity_id = #{record.activityId,jdbcType=INTEGER},
      </if>
      <if test="record.userId != null" >
        user_id = #{record.userId,jdbcType=INTEGER},
      </if>
      <if test="record.voteId != null" >
        vote_id = #{record.voteId,jdbcType=INTEGER},
      </if>
    </set>
    <if test="_parameter != null" >
      <include refid="Update_By_Example_Where_Clause" />
    </if>
  </update>
  <update id="updateByExample" parameterType="map" >
    <!--
      WARNING - @mbggenerated
      This element is automatically generated by MyBatis Generator, do not modify.
      This element was generated on Thu Dec 20 13:40:42 CST 2018.
    -->
    update activity_user_vote
    set activity_id = #{record.activityId,jdbcType=INTEGER},
      user_id = #{record.userId,jdbcType=INTEGER},
      vote_id = #{record.voteId,jdbcType=INTEGER}
    <if test="_parameter != null" >
      <include refid="Update_By_Example_Where_Clause" />
    </if>
  </update>
  <update id="updateByPrimaryKeySelective" parameterType="com.bilibili.meeting.model.ActivityUserVote" >
    <!--
      WARNING - @mbggenerated
      This element is automatically generated by MyBatis Generator, do not modify.
      This element was generated on Thu Dec 20 13:40:42 CST 2018.
    -->
    update activity_user_vote
    <set >
      <if test="voteId != null" >
        vote_id = #{voteId,jdbcType=INTEGER},
      </if>
    </set>
    where activity_id = #{activityId,jdbcType=INTEGER}
      and user_id = #{userId,jdbcType=INTEGER}
  </update>
  <update id="updateByPrimaryKey" parameterType="com.bilibili.meeting.model.ActivityUserVote" >
    <!--
      WARNING - @mbggenerated
      This element is automatically generated by MyBatis Generator, do not modify.
      This element was generated on Thu Dec 20 13:40:42 CST 2018.
    -->
    update activity_user_vote
    set vote_id = #{voteId,jdbcType=INTEGER}
    where activity_id = #{activityId,jdbcType=INTEGER}
      and user_id = #{userId,jdbcType=INTEGER}
  </update>
</mapper>