<?xml version="1.0" encoding="UTF-8" ?>
<!DOCTYPE mapper PUBLIC "-//mybatis.org//DTD Mapper 3.0//EN" "http://mybatis.org/dtd/mybatis-3-mapper.dtd" >
<mapper namespace="com.bilibili.meeting.mapper.ActivityUserVoteCustomizedMapper" >
    <resultMap id="BaseResultMap" type="com.bilibili.meeting.model.ActivityVoteStatistics" >
        <result column="activity_id" property="activityId" jdbcType="INTEGER" />
        <result column="vote_id" property="voteId" jdbcType="INTEGER" />
        <result column="vote_number" property="voteNumber" jdbcType="INTEGER" />
    </resultMap>
    <select id="statistics" resultMap="BaseResultMap">
        SELECT
            activity_id,
            vote_id,
            COUNT(*) AS vote_number
        FROM activity_user_vote
        WHERE activity_id = #{activityId}
        GROUP BY activity_id, vote_id
    </select>

    <select id="countValidVoteUser" resultType="java.lang.Integer">
        SELECT
            COUNT(*)
        FROM activity_user_vote auv
        WHERE auv.activity_id = #{activityId}
        AND auv.vote_id = #{voteId}
        AND NOT EXISTS (SELECT * FROM activity_lucky_dog_info ald WHERE ald.user_id = auv.user_id AND ald.activity_type = 1 AND ald.status = 1 )
    </select>

    <resultMap id="ResultMap" type="com.bilibili.meeting.model.ActivityUserVote" >
        <result column="activity_id" property="activityId" jdbcType="INTEGER" />
        <result column="user_id" property="userId" jdbcType="INTEGER" />
        <result column="vote_id" property="voteId" jdbcType="INTEGER" />
    </resultMap>
    <select id="selectValidVoteUser" resultMap="ResultMap">
        SELECT
            auv.activity_id as activity_id,
            auv.user_id as user_id,
            auv.vote_id as vote_id
        FROM activity_user_vote auv
        WHERE auv.activity_id = #{activityId}
        AND auv.vote_id = #{voteId}
        AND NOT EXISTS (SELECT * FROM activity_lucky_dog_info ald WHERE ald.user_id = auv.user_id AND ald.activity_type = 1 AND ald.status = 1)
    </select>
</mapper>