<?xml version="1.0" encoding="UTF-8"?>
<!DOCTYPE mapper PUBLIC "-//mybatis.org//DTD Mapper 3.0//EN" "http://mybatis.org/dtd/mybatis-3-mapper.dtd">
<mapper namespace="com.bilibili.meeting.mapper.InvitationMapper">

  <resultMap id="BaseResultMap" type="com.bilibili.meeting.model.BaseData">
    <id column="id"  property="id" />
    <result column="park_coupon_count"  property="parkCouponCount" />
    <result column="bus_seat_count"  property="busSeatCount" />
    <result column="close_time"  property="closeTime" />
  </resultMap>

  <sql id="Base_Column_List">
    id,
    park_coupon_count,
    bus_seat_count
  </sql>

  <!-- 获取基础数据 start -->
  <select id="getBaseData" resultMap="BaseResultMap">
    select 
        id,
        park_coupon_count,
        bus_seat_count,
        close_time
    from base_data
  </select>
  <!-- 获取基础数据 end -->

</mapper>