<?xml version="1.0" encoding="UTF-8"?>
<!DOCTYPE mapper PUBLIC "-//mybatis.org//DTD Mapper 3.0//EN" "http://mybatis.org/dtd/mybatis-3-mapper.dtd">
<mapper namespace="com.bilibili.meeting.mapper.ParkWorkerMapper">
  <resultMap id="BaseResultMap" type="com.bilibili.meeting.model.ParkWorker">
    <id column="id" jdbcType="BIGINT" property="id" />
    <result column="worker_type" jdbcType="BIT" property="workerType" />
    <result column="park_id" jdbcType="BIGINT" property="parkId" />
    <result column="park_name" jdbcType="VARCHAR" property="parkName" />
    <result column="username" jdbcType="VARCHAR" property="username" />
    <result column="password" jdbcType="VARCHAR" property="password" />
    <result column="create_time" jdbcType="TIMESTAMP" property="createTime" />
    <result column="update_time" jdbcType="TIMESTAMP" property="updateTime" />
  </resultMap>
  <sql id="Base_Column_List">
    id, worker_type, park_id, park_name, username, password, create_time, update_time
  </sql>
  <select id="selectByPrimaryKey" parameterType="java.lang.Long" resultMap="BaseResultMap">
    select 
    <include refid="Base_Column_List" />
    from park_worker
    where id = #{id,jdbcType=BIGINT}
  </select>
  <delete id="deleteByPrimaryKey" parameterType="java.lang.Long">
    delete from park_worker
    where id = #{id,jdbcType=BIGINT}
  </delete>
  <insert id="insert" parameterType="com.bilibili.meeting.model.ParkWorker">
    insert into park_worker (id, worker_type, park_id, 
      park_name, username, password)
    values (#{id,jdbcType=BIGINT}, #{workerType,jdbcType=BIT}, #{parkId,jdbcType=BIGINT}, 
      #{parkName,jdbcType=VARCHAR}, #{username,jdbcType=VARCHAR}, #{password,jdbcType=VARCHAR})
  </insert>
  <insert id="insertSelective" parameterType="com.bilibili.meeting.model.ParkWorker">
    insert into park_worker
    <trim prefix="(" suffix=")" suffixOverrides=",">
      <if test="id != null">
        id,
      </if>
      <if test="workerType != null">
        worker_type,
      </if>
      <if test="parkId != null">
        park_id,
      </if>
      <if test="parkName != null">
        park_name,
      </if>
      <if test="username != null">
        username,
      </if>
      <if test="password != null">
        password,
      </if>
      <if test="createTime != null">
        create_time,
      </if>
      <if test="updateTime != null">
        update_time,
      </if>
    </trim>
    <trim prefix="values (" suffix=")" suffixOverrides=",">
      <if test="id != null">
        #{id,jdbcType=BIGINT},
      </if>
      <if test="workerType != null">
        #{workerType,jdbcType=BIT},
      </if>
      <if test="parkId != null">
        #{parkId,jdbcType=BIGINT},
      </if>
      <if test="parkName != null">
        #{parkName,jdbcType=VARCHAR},
      </if>
      <if test="username != null">
        #{username,jdbcType=VARCHAR},
      </if>
      <if test="password != null">
        #{password,jdbcType=VARCHAR},
      </if>
      <if test="createTime != null">
        #{createTime,jdbcType=TIMESTAMP},
      </if>
      <if test="updateTime != null">
        #{updateTime,jdbcType=TIMESTAMP},
      </if>
    </trim>
  </insert>
  <update id="updateByPrimaryKeySelective" parameterType="com.bilibili.meeting.model.ParkWorker">
    update park_worker
    <set>
      <if test="workerType != null">
        worker_type = #{workerType,jdbcType=BIT},
      </if>
      <if test="parkId != null">
        park_id = #{parkId,jdbcType=BIGINT},
      </if>
      <if test="parkName != null">
        park_name = #{parkName,jdbcType=VARCHAR},
      </if>
      <if test="username != null">
        username = #{username,jdbcType=VARCHAR},
      </if>
      <if test="password != null">
        password = #{password,jdbcType=VARCHAR},
      </if>
      <if test="createTime != null">
        create_time = #{createTime,jdbcType=TIMESTAMP},
      </if>
      <if test="updateTime != null">
        update_time = #{updateTime,jdbcType=TIMESTAMP},
      </if>
    </set>
    where id = #{id,jdbcType=BIGINT}
  </update>
  <update id="updateByPrimaryKey" parameterType="com.bilibili.meeting.model.ParkWorker">
    update park_worker
    set worker_type = #{workerType,jdbcType=BIT},
      park_id = #{parkId,jdbcType=BIGINT},
      park_name = #{parkName,jdbcType=VARCHAR},
      username = #{username,jdbcType=VARCHAR},
      password = #{password,jdbcType=VARCHAR}
    where id = #{id,jdbcType=BIGINT}
  </update>

  <select id="findAllWorker" parameterType="int" resultMap="BaseResultMap">
    select
    <include refid="Base_Column_List" />
    from park_worker
    where worker_type = #{workerType}
  </select>

</mapper>