<?xml version="1.0" encoding="UTF-8"?>
<!DOCTYPE mapper PUBLIC "-//mybatis.org//DTD Mapper 3.0//EN" "http://mybatis.org/dtd/mybatis-3-mapper.dtd">
<mapper namespace="com.bilibili.meeting.mapper.ParkPlayMapper">
  <resultMap id="BaseResultMap" type="com.bilibili.meeting.model.ParkPlay">
    <id column="id" jdbcType="BIGINT" property="id" />
    <result column="user_id" jdbcType="INTEGER" property="userId" />
    <result column="park_id" jdbcType="BIGINT" property="parkId" />
    <result column="park_name" jdbcType="VARCHAR" property="parkName" />
    <result column="park_score" jdbcType="INTEGER" property="parkScore" />
    <result column="create_time" jdbcType="TIMESTAMP" property="createTime" />
    <result column="update_time" jdbcType="TIMESTAMP" property="updateTime" />
  </resultMap>

  <!-- 工作工作人员实体映射 -->
  <resultMap id="workerResultMap" type="com.bilibili.meeting.model.ParkWorker">
    <id column="id"  property="uuid" />
    <id column="uuid"  property="id" />
    <result column="worker_type" jdbcType="BIT" property="workerType" />
    <result column="park_id" jdbcType="BIGINT" property="parkId" />
    <result column="park_name" jdbcType="VARCHAR" property="parkName" />
    <result column="username" jdbcType="VARCHAR" property="username" />
    <result column="password" jdbcType="VARCHAR" property="password" />
    <result column="create_time" jdbcType="TIMESTAMP" property="createTime" />
    <result column="update_time" jdbcType="TIMESTAMP" property="updateTime" />
  </resultMap>

  <sql id="Worker_Base_Column_List">
    id, uuid,worker_type, park_id, park_name, username, password, create_time, update_time
  </sql>

  <sql id="Base_Column_List">
    id, user_id, park_id, park_name, park_score, create_time, update_time
  </sql>

  <!-- 根据用户名密码查询工作人员信息 -->
  <select id="workerLogin" resultMap="workerResultMap">
    select
    <include refid="Worker_Base_Column_List" />
    from park_worker
    where username= #{username} and password = #{password}
  </select>


  <select id="selectByPrimaryKey" parameterType="java.lang.Long" resultMap="BaseResultMap">
    select 
    <include refid="Base_Column_List" />
    from park_play
    where id = #{id,jdbcType=BIGINT}
  </select>
  <delete id="deleteByPrimaryKey" parameterType="java.lang.Long">
    delete from park_play
    where id = #{id,jdbcType=BIGINT}
  </delete>
  <insert id="insert" parameterType="com.bilibili.meeting.model.ParkPlay">
    insert into park_play (id, user_id, park_id, 
      park_name, park_score)
    values (#{id,jdbcType=BIGINT}, #{userId,jdbcType=INTEGER}, #{parkId,jdbcType=BIGINT},
      #{parkName,jdbcType=VARCHAR}, #{parkScore,jdbcType=INTEGER})
  </insert>
  <insert id="insertSelective" parameterType="com.bilibili.meeting.model.ParkPlay">
    insert into park_play
    <trim prefix="(" suffix=")" suffixOverrides=",">
      <if test="id != null">
        id,
      </if>
      <if test="userId != null">
        user_id,
      </if>
      <if test="parkId != null">
        park_id,
      </if>
      <if test="parkName != null">
        park_name,
      </if>
      <if test="parkScore != null">
        park_score,
      </if>
      <if test="createTime != null">
        create_time,
      </if>
      <if test="updateTime != null">
        update_time,
      </if>
    </trim>
    <trim prefix="values (" suffix=")" suffixOverrides=",">
      <if test="id != null">
        #{id,jdbcType=BIGINT},
      </if>
      <if test="userId != null">
        #{userId,jdbcType=INTEGER},
      </if>
      <if test="parkId != null">
        #{parkId,jdbcType=BIGINT},
      </if>
      <if test="parkName != null">
        #{parkName,jdbcType=VARCHAR},
      </if>
      <if test="parkScore != null">
        #{parkScore,jdbcType=INTEGER},
      </if>
      <if test="createTime != null">
        #{createTime,jdbcType=TIMESTAMP},
      </if>
      <if test="updateTime != null">
        #{updateTime,jdbcType=TIMESTAMP},
      </if>
    </trim>
  </insert>
  <update id="updateByPrimaryKeySelective" parameterType="com.bilibili.meeting.model.ParkPlay">
    update park_play
    <set>
      <if test="userId != null">
        user_id = #{userId,jdbcType=INTEGER},
      </if>
      <if test="parkId != null">
        park_id = #{parkId,jdbcType=BIGINT},
      </if>
      <if test="parkName != null">
        park_name = #{parkName,jdbcType=VARCHAR},
      </if>
      <if test="parkScore != null">
        park_score = #{parkScore,jdbcType=INTEGER},
      </if>
      <if test="createTime != null">
        create_time = #{createTime,jdbcType=TIMESTAMP},
      </if>
      <if test="updateTime != null">
        update_time = #{updateTime,jdbcType=TIMESTAMP},
      </if>
    </set>
    where id = #{id,jdbcType=BIGINT}
  </update>
  <update id="updateByPrimaryKey" parameterType="com.bilibili.meeting.model.ParkPlay">
    update park_play
    set user_id = #{userId,jdbcType=INTEGER},
      park_id = #{parkId,jdbcType=BIGINT},
      park_name = #{parkName,jdbcType=VARCHAR},
      park_score = #{parkScore,jdbcType=INTEGER}
    where id = #{id,jdbcType=BIGINT}
  </update>

  <select id="getParkPlayInfo" parameterType="int" resultMap="BaseResultMap">
    select
    <include refid="Base_Column_List" />
    from park_play
    where user_id = #{id,jdbcType=INTEGER}
  </select>

  <select id="findByUserIdAndParkId" resultMap="BaseResultMap">
    select
    <include refid="Base_Column_List" />
    from park_play
    where user_id = #{id,jdbcType=INTEGER} and park_id = #{parkId,jdbcType=BIGINT}
  </select>

</mapper>