<?xml version="1.0" encoding="UTF-8"?>
<!DOCTYPE mapper PUBLIC "-//mybatis.org//DTD Mapper 3.0//EN" "http://mybatis.org/dtd/mybatis-3-mapper.dtd">
<mapper namespace="com.bilibili.meeting.mapper.RedeemInfoMapper">
  <resultMap id="BaseResultMap" type="com.bilibili.meeting.model.RedeemInfo">
    <id column="id" jdbcType="BIGINT" property="id" />
    <result column="user_id" jdbcType="INTEGER" property="userId" />
    <result column="user_score" jdbcType="INTEGER" property="userScore" />
    <result column="quantity" jdbcType="INTEGER" property="quantity" />
    <result column="create_time" jdbcType="TIMESTAMP" property="createTime" />
    <result column="update_time" jdbcType="TIMESTAMP" property="updateTime" />
  </resultMap>
  <sql id="Base_Column_List">
    id, user_id, user_score, quantity, create_time, update_time
  </sql>
  <select id="selectByPrimaryKey" parameterType="java.lang.Long" resultMap="BaseResultMap">
    select 
    <include refid="Base_Column_List" />
    from redeem_info
    where id = #{id,jdbcType=BIGINT}
  </select>
  <delete id="deleteByPrimaryKey" parameterType="java.lang.Long">
    delete from redeem_info
    where id = #{id,jdbcType=BIGINT}
  </delete>
  <insert id="insert" parameterType="com.bilibili.meeting.model.RedeemInfo">
    insert into redeem_info (id, user_id, user_score, 
      quantity)
    values (#{id,jdbcType=BIGINT}, #{userId,jdbcType=INTEGER}, #{userScore,jdbcType=INTEGER},
      #{quantity,jdbcType=INTEGER})
  </insert>
  <insert id="insertSelective" parameterType="com.bilibili.meeting.model.RedeemInfo">
    insert into redeem_info
    <trim prefix="(" suffix=")" suffixOverrides=",">
      <if test="id != null">
        id,
      </if>
      <if test="userId != null">
        user_id,
      </if>
      <if test="userScore != null">
        user_score,
      </if>
      <if test="quantity != null">
        quantity,
      </if>
      <if test="createTime != null">
        create_time,
      </if>
      <if test="updateTime != null">
        update_time,
      </if>
    </trim>
    <trim prefix="values (" suffix=")" suffixOverrides=",">
      <if test="id != null">
        #{id,jdbcType=BIGINT},
      </if>
      <if test="userId != null">
        #{userId,jdbcType=INTEGER},
      </if>
      <if test="userScore != null">
        #{userScore,jdbcType=INTEGER},
      </if>
      <if test="quantity != null">
        #{quantity,jdbcType=INTEGER},
      </if>
      <if test="createTime != null">
        #{createTime,jdbcType=TIMESTAMP},
      </if>
      <if test="updateTime != null">
        #{updateTime,jdbcType=TIMESTAMP},
      </if>
    </trim>
  </insert>
  <update id="updateByPrimaryKeySelective" parameterType="com.bilibili.meeting.model.RedeemInfo">
    update redeem_info
    <set>
      <if test="userId != null">
        user_id = #{userId,jdbcType=INTEGER},
      </if>
      <if test="userScore != null">
        user_score = #{userScore,jdbcType=INTEGER},
      </if>
      <if test="quantity != null">
        quantity = #{quantity,jdbcType=INTEGER},
      </if>
      <if test="createTime != null">
        create_time = #{createTime,jdbcType=TIMESTAMP},
      </if>
      <if test="updateTime != null">
        update_time = #{updateTime,jdbcType=TIMESTAMP},
      </if>
    </set>
    where id = #{id,jdbcType=BIGINT}
  </update>
  <update id="updateByPrimaryKey" parameterType="com.bilibili.meeting.model.RedeemInfo">
    update redeem_info
    set user_id = #{userId,jdbcType=INTEGER},
      user_score = #{userScore,jdbcType=INTEGER},
      quantity = #{quantity,jdbcType=INTEGER}
    where id = #{id,jdbcType=BIGINT}
  </update>

  <select id="getRedeem" parameterType="int" resultMap="BaseResultMap">
    select
    <include refid="Base_Column_List" />
    from redeem_info
    where user_id = #{id,jdbcType=INTEGER}
  </select>

</mapper>