<?xml version="1.0" encoding="UTF-8"?>
<!DOCTYPE mapper PUBLIC "-//mybatis.org//DTD Mapper 3.0//EN" "http://mybatis.org/dtd/mybatis-3-mapper.dtd">
<mapper namespace="com.bilibili.meeting.mapper.SysOperationLogMapper">
  <resultMap id="BaseResultMap" type="com.bilibili.meeting.model.SysOperationLog">
    <id column="operation_log_id" jdbcType="INTEGER" property="operationLogId" />
    <result column="log_description" jdbcType="VARCHAR" property="logDescription" />
    <result column="user_name" jdbcType="VARCHAR" property="userName" />
    <result column="class_name" jdbcType="VARCHAR" property="className" />
    <result column="method" jdbcType="VARCHAR" property="method" />
    <result column="ip" jdbcType="VARCHAR" property="ip" />
    <result column="create_time" jdbcType="TIMESTAMP" property="createTime" />
    <result column="succeed" jdbcType="VARCHAR" property="succeed" />
    <result column="action_ret" jdbcType="VARCHAR" property="actionRet" />
  </resultMap>
  <resultMap extends="BaseResultMap" id="ResultMapWithBLOBs" type="com.bilibili.meeting.model.SysOperationLogWithBLOBs">
    <result column="action_args" jdbcType="LONGVARCHAR" property="actionArgs" />
    <result column="message" jdbcType="LONGVARCHAR" property="message" />
  </resultMap>
  <sql id="Base_Column_List">
    operation_log_id, log_description, user_name, class_name, method, ip, create_time, 
    succeed, action_ret
  </sql>
  <sql id="Blob_Column_List">
    action_args, message
  </sql>
  <select id="selectByPrimaryKey" parameterType="java.lang.Integer" resultMap="ResultMapWithBLOBs">
    select 
    <include refid="Base_Column_List" />
    ,
    <include refid="Blob_Column_List" />
    from sys_operation_log
    where operation_log_id = #{operationLogId,jdbcType=INTEGER}
  </select>
  <delete id="deleteByPrimaryKey" parameterType="java.lang.Integer">
    delete from sys_operation_log
    where operation_log_id = #{operationLogId,jdbcType=INTEGER}
  </delete>
  <insert id="insert" parameterType="com.bilibili.meeting.model.SysOperationLogWithBLOBs">
    insert into sys_operation_log (operation_log_id, log_description, user_name, 
      class_name, method, ip, 
      create_time, succeed, action_ret, 
      action_args, message)
    values (#{operationLogId,jdbcType=INTEGER}, #{logDescription,jdbcType=VARCHAR}, #{userName,jdbcType=VARCHAR}, 
      #{className,jdbcType=VARCHAR}, #{method,jdbcType=VARCHAR}, #{ip,jdbcType=VARCHAR}, 
      #{createTime,jdbcType=TIMESTAMP}, #{succeed,jdbcType=VARCHAR}, #{actionRet,jdbcType=VARCHAR}, 
      #{actionArgs,jdbcType=LONGVARCHAR}, #{message,jdbcType=LONGVARCHAR})
  </insert>
  <insert id="insertSelective" parameterType="com.bilibili.meeting.model.SysOperationLogWithBLOBs">
    insert into sys_operation_log
    <trim prefix="(" suffix=")" suffixOverrides=",">
      <if test="operationLogId != null">
        operation_log_id,
      </if>
      <if test="logDescription != null">
        log_description,
      </if>
      <if test="userName != null">
        user_name,
      </if>
      <if test="className != null">
        class_name,
      </if>
      <if test="method != null">
        method,
      </if>
      <if test="ip != null">
        ip,
      </if>
      <if test="createTime != null">
        create_time,
      </if>
      <if test="succeed != null">
        succeed,
      </if>
      <if test="actionRet != null">
        action_ret,
      </if>
      <if test="actionArgs != null">
        action_args,
      </if>
      <if test="message != null">
        message,
      </if>
    </trim>
    <trim prefix="values (" suffix=")" suffixOverrides=",">
      <if test="operationLogId != null">
        #{operationLogId,jdbcType=INTEGER},
      </if>
      <if test="logDescription != null">
        #{logDescription,jdbcType=VARCHAR},
      </if>
      <if test="userName != null">
        #{userName,jdbcType=VARCHAR},
      </if>
      <if test="className != null">
        #{className,jdbcType=VARCHAR},
      </if>
      <if test="method != null">
        #{method,jdbcType=VARCHAR},
      </if>
      <if test="ip != null">
        #{ip,jdbcType=VARCHAR},
      </if>
      <if test="createTime != null">
        #{createTime,jdbcType=TIMESTAMP},
      </if>
      <if test="succeed != null">
        #{succeed,jdbcType=VARCHAR},
      </if>
      <if test="actionRet != null">
        #{actionRet,jdbcType=VARCHAR},
      </if>
      <if test="actionArgs != null">
        #{actionArgs,jdbcType=LONGVARCHAR},
      </if>
      <if test="message != null">
        #{message,jdbcType=LONGVARCHAR},
      </if>
    </trim>
  </insert>
  <update id="updateByPrimaryKeySelective" parameterType="com.bilibili.meeting.model.SysOperationLogWithBLOBs">
    update sys_operation_log
    <set>
      <if test="logDescription != null">
        log_description = #{logDescription,jdbcType=VARCHAR},
      </if>
      <if test="userName != null">
        user_name = #{userName,jdbcType=VARCHAR},
      </if>
      <if test="className != null">
        class_name = #{className,jdbcType=VARCHAR},
      </if>
      <if test="method != null">
        method = #{method,jdbcType=VARCHAR},
      </if>
      <if test="ip != null">
        ip = #{ip,jdbcType=VARCHAR},
      </if>
      <if test="createTime != null">
        create_time = #{createTime,jdbcType=TIMESTAMP},
      </if>
      <if test="succeed != null">
        succeed = #{succeed,jdbcType=VARCHAR},
      </if>
      <if test="actionRet != null">
        action_ret = #{actionRet,jdbcType=VARCHAR},
      </if>
      <if test="actionArgs != null">
        action_args = #{actionArgs,jdbcType=LONGVARCHAR},
      </if>
      <if test="message != null">
        message = #{message,jdbcType=LONGVARCHAR},
      </if>
    </set>
    where operation_log_id = #{operationLogId,jdbcType=INTEGER}
  </update>
  <update id="updateByPrimaryKeyWithBLOBs" parameterType="com.bilibili.meeting.model.SysOperationLogWithBLOBs">
    update sys_operation_log
    set log_description = #{logDescription,jdbcType=VARCHAR},
      user_name = #{userName,jdbcType=VARCHAR},
      class_name = #{className,jdbcType=VARCHAR},
      method = #{method,jdbcType=VARCHAR},
      ip = #{ip,jdbcType=VARCHAR},
      create_time = #{createTime,jdbcType=TIMESTAMP},
      succeed = #{succeed,jdbcType=VARCHAR},
      action_ret = #{actionRet,jdbcType=VARCHAR},
      action_args = #{actionArgs,jdbcType=LONGVARCHAR},
      message = #{message,jdbcType=LONGVARCHAR}
    where operation_log_id = #{operationLogId,jdbcType=INTEGER}
  </update>
  <update id="updateByPrimaryKey" parameterType="com.bilibili.meeting.model.SysOperationLog">
    update sys_operation_log
    set log_description = #{logDescription,jdbcType=VARCHAR},
      user_name = #{userName,jdbcType=VARCHAR},
      class_name = #{className,jdbcType=VARCHAR},
      method = #{method,jdbcType=VARCHAR},
      ip = #{ip,jdbcType=VARCHAR},
      create_time = #{createTime,jdbcType=TIMESTAMP},
      succeed = #{succeed,jdbcType=VARCHAR},
      action_ret = #{actionRet,jdbcType=VARCHAR}
    where operation_log_id = #{operationLogId,jdbcType=INTEGER}
  </update>
</mapper>