<?xml version="1.0" encoding="UTF-8"?>
<!DOCTYPE mapper PUBLIC "-//mybatis.org//DTD Mapper 3.0//EN" "http://mybatis.org/dtd/mybatis-3-mapper.dtd">
<mapper namespace="com.bilibili.meeting.mapper.UserMapper">


  <resultMap id="BaseResultMap" type="com.bilibili.meeting.model.StaffInfo">
    <id column="staff_id"  property="staffUuid" />
    <result column="staff_uuid"  property="staffId" />
    <result column="staff_name"  property="staffName" />
    <result column="dept_id"  property="deptId" />
    <result column="staff_phone"  property="staffPhone" />
    <result column="staff_address"  property="staffAddress" />
    <result column="staff_regist_time"  property="staffRegistTime" />
    <result column="staff_trip_mode"  property="staffTripMode" />
    <result column="staff_play_state"  property="staffPlayState" />
    <result column="staff_prize_state"  property="staffPrizeState" />
    <result column="staff_place_info"  property="staffPlaceInfo" />
    <result column="staff_sign_state"  property="staffSignState" />
    <result column="staff_qrcode_url"  property="staffQrcodeUrl" />
    <result column="creator"  property="creator" />
    <result column="create_time"  property="createTime" />
    <result column="dept_name" property="deptName"/>
    <result column="staff_recevie_state" property="staffRecevieState"/>
    <result column="staff_enter_state" property="staffEnterState"/>
  </resultMap>


  <sql id="Base_Column_List">
    staff_id,
    staff_uuid,
    staff_name,
    dept_id,
    staff_phone,
    staff_address,
    staff_regist_time,
    staff_trip_mode,
    staff_play_state,
    staff_prize_state,
    staff_place_info,
    staff_sign_state,
    staff_qrcode_url,
    creator,
    create_time,
    staff_recevie_state,
    staff_enter_state
  </sql>

  <!-- 根据userId查询对应的数据信息 start -->
  <select id="getStaffInfoById" resultMap="BaseResultMap">
    select 
        si.staff_id,
        si.staff_uuid,
        si.staff_name,
        si.dept_id,
        si.staff_phone,
        si.staff_address,
        si.staff_regist_time,
        si.staff_trip_mode,
        si.staff_play_state,
        si.staff_prize_state,
        si.staff_place_info,
        si.staff_sign_state,
        si.staff_qrcode_url,
        si.creator,
        si.create_time,
        sdi.dept_name,
        si.staff_recevie_state,
        si.staff_enter_state
    from staff_info si left join staff_dept_info sdi
    on si.dept_id = sdi.dept_id
    where si.staff_uuid = #{staffId}
  </select>


    <!-- 根据staffUuid查询对应的数据信息 start -->
    <select id="getStaffInfoByStaffUuid" resultMap="BaseResultMap">
    select
        si.staff_id,
        si.staff_uuid,
        si.staff_name,
        si.dept_id,
        si.staff_phone,
        si.staff_address,
        si.staff_regist_time,
        si.staff_trip_mode,
        si.staff_play_state,
        si.staff_prize_state,
        si.staff_place_info,
        si.staff_sign_state,
        si.staff_qrcode_url,
        si.creator,
        si.create_time,
        sdi.dept_name,
        si.staff_recevie_state,
        si.staff_enter_state
    from staff_info si left join staff_dept_info sdi
    on si.dept_id = sdi.dept_id
    where si.staff_id = #{id}
  </select>
  <!-- 根据userId查询对应的数据信息 end -->

    <!-- 根据mobile查询对应的数据信息 start -->
    <select id="getStaffInfoByMobile" resultMap="BaseResultMap">
    select
        si.staff_id,
        si.staff_uuid,
        si.staff_name,
        si.dept_id,
        si.staff_phone,
        si.staff_address,
        si.staff_regist_time,
        si.staff_trip_mode,
        si.staff_play_state,
        si.staff_prize_state,
        si.staff_place_info,
        si.staff_sign_state,
        si.staff_qrcode_url,
        si.creator,
        si.create_time,
        sdi.dept_name,
        si.staff_recevie_state,
        si.staff_enter_state
    from staff_info si left join staff_dept_info sdi
    on si.dept_id = sdi.dept_id
    where si.staff_phone = #{mobile}
  </select>
    <!-- 根据mobile查询对应的数据信息 end -->

  <!-- 编辑员工信息 start -->
  <update id="editStaff" >
      update staff_info
      <set>
      <if test="staffInfo.staffName != null and staffInfo.staffName != ''">
          staff_name = #{staffInfo.staffName},
      </if>
      <if test="staffInfo.deptId != null and staffInfo.deptId != ''">
          dept_id = #{staffInfo.deptId},
      </if>
      <if test="staffInfo.deptName != null and staffInfo.deptName != ''">
          dept_name = #{staffInfo.deptName},
      </if>
      <if test="staffInfo.staffPhone != null and staffInfo.staffPhone != ''">
          staff_phone = #{staffInfo.staffPhone},
      </if>
      <if test="staffInfo.staffAddress != null and staffInfo.staffAddress != ''">
          staff_address = #{staffInfo.staffAddress},
      </if>
      <if test="staffInfo.staffRegistTime != null">
          staff_name = #{staffInfo.staffName},
      </if>
      <if test="staffInfo.staffTripMode != null">
          staff_trip_mode = #{staffInfo.staffTripMode},
      </if>
      <if test="staffInfo.staffPlayState != null">
          staff_play_state = #{staffInfo.staffPlayState},
      </if>
      <if test="staffInfo.staffPrizeState != null">
          staff_prize_state = #{staffInfo.staffPrizeState},
      </if>
      <if test="staffInfo.staffPlaceInfo != null and staffInfo.staffPlaceInfo != ''">
          staff_place_info = #{staffInfo.staffPlaceInfo},
      </if>
      <if test="staffInfo.staffSignState != null">
          staff_sign_state = #{staffInfo.staffSignState},
      </if>
      <if test="staffInfo.staffQrcodeUrl != null and staffInfo.staffQrcodeUrl != ''">
          staff_qrcode_url = #{staffInfo.staffQrcodeUrl},
      </if>
      <if test="staffInfo.deptId != null and staffInfo.deptId != ''">
          dept_id = #{staffInfo.deptId},
      </if>
      <if test="staffInfo.staffRecevieState != null">
          staff_recevie_state = #{staffInfo.staffRecevieState},
      </if>
      <if test="staffInfo.staffEnterState != null and staffInfo.staffEnterState != ''">
          staff_enter_state = #{staffInfo.staffEnterState},
      </if>
      </set>
      where staff_id = #{staffInfo.staffUuid}
  </update>
    <!-- 编辑员工信息 end -->

</mapper>