<?xml version="1.0" encoding="UTF-8"?>
<!DOCTYPE generatorConfiguration
        PUBLIC "-//mybatis.org//DTD MyBatis Generator Configuration 1.0//EN"
        "http://mybatis.org/dtd/mybatis-generator-config_1_0.dtd">
<!-- 第一种mybatis逆向生成xml配置 -->
<generatorConfiguration>
    <properties resource="application-dev.properties" />
    <context id="sqlserverTables" targetRuntime="MyBatis3">
        <property name="javaFileEncoding" value="UTF-8"/>
        <!-- 格式化java代码 -->
        <property name="javaFormatter" value="org.mybatis.generator.api.dom.DefaultJavaFormatter"/>
        <!-- 格式化XML代码 -->
        <property name="xmlFormatter" value="org.mybatis.generator.api.dom.DefaultXmlFormatter"/>
        <property name="beginningDelimiter" value="`"/>
        <property name="endingDelimiter" value="`"/>
        <!-- 增加Models ToStirng方法 -->
        <plugin type="org.mybatis.generator.plugins.ToStringPlugin" />
        <!-- 分页插件 -->
        <!-- 在example类中增 page 属性，并在mapper.xml的查询中加入page !=null 时的查询 -->
        <!-- <plugin type="org.mybatis.generator.plugins.MySQLPagerPlugin" /> -->
        <!-- 在example类中增 offset和limit属性，并在mapper.xml的查询中加入limit ${offset} , ${limit} 提供在offset和limit>0时的查询 -->
        <!--<plugin type="org.mybatis.generator.plugins.MySQLPaginationPlugin2"></plugin>-->

        <!-- 生成的pojo，将implements Serializable-->
        <plugin type="org.mybatis.generator.plugins.SerializablePlugin"></plugin>
        <commentGenerator type="com.bilibili.meeting.MyCommentGenerator">
            <!-- 是否去除自动生成的注释 true：是 ： false:否 -->
            <property name="suppressAllComments" value="false" />
        </commentGenerator>

        <!-- 数据库链接URL、用户名、密码 -->
        <jdbcConnection driverClass="${spring.datasource.driver-class-name}"
                        connectionURL="${spring.datasource.url}"
                        userId="${spring.datasource.username}"
                        password="${spring.datasource.password}">
        </jdbcConnection>

        <!--
        默认false，把JDBC DECIMAL 和 NUMERIC 类型解析为 Integer
            true，把JDBC DECIMAL 和 NUMERIC 类型解析为java.math.BigDecimal
        -->
        <javaTypeResolver>
            <property name="forceBigDecimals" value="false" />
        </javaTypeResolver>

        <!--
        生成model模型，对应的包路径，以及文件存放路径(targetProject)，targetProject可以指定具体的路径,如./src/main/java，
        也可以使用“MAVEN”来自动生成，这样生成的代码会在target/generatord-source目录下
        -->
        <!--<javaModelGenerator targetPackage="com.joey.mybaties.test.pojo" targetProject="MAVEN">-->
        <javaModelGenerator targetPackage="com.bilibili.meeting.model" targetProject="./src/main/java">
            <property name="enableSubPackages" value="true"/>
            <!-- 从数据库返回的值被清理前后的空格  -->
            <property name="trimStrings" value="true" />
        </javaModelGenerator>

        <!--对应的mapper.xml文件  -->
        <sqlMapGenerator targetPackage="mappers" targetProject="./src/main/resources">
            <property name="enableSubPackages" value="true"/>
        </sqlMapGenerator>

        <!-- 对应的Mapper接口类文件 -->
        <javaClientGenerator type="XMLMAPPER" targetPackage="com.bilibili.meeting.mapper" targetProject="./src/main/java">
            <property name="enableSubPackages" value="true"/>
            <!-- 从数据库返回的值被清理前后的空格  -->
            <property name="trimStrings" value="false" />
        </javaClientGenerator>


        <!-- 列出要生成代码的所有表，这里配置的是不生成Example文件 -->
        <!--<table tableName="tbl_user" domainObjectName="UserInfo"-->
               <!--enableCountByExample="false" enableUpdateByExample="false" enableDeleteByExample="false"-->
               <!--enableSelectByExample="false" selectByExampleQueryId="false" >-->
            <!--<property name="useActualColumnNames" value="false"/>-->
            <!--&lt;!&ndash; 让字段生成特定的java type &ndash;&gt;-->
            <!--&lt;!&ndash;<columnOverride column="status" javaType="Integer"/>&ndash;&gt;-->
            <!--&lt;!&ndash;<columnOverride column="user_scope_type" javaType="Integer"/>&ndash;&gt;-->
        <!--</table>-->

        <table tableName="sys_operation_log" domainObjectName="SysOperationLog"
               enableCountByExample="false" enableUpdateByExample="false" enableDeleteByExample="false"
               enableSelectByExample="false" selectByExampleQueryId="false" >
            <property name="useActualColumnNames" value="false"/>
            <!-- 让字段生成特定的java type -->
            <!--<columnOverride column="status" javaType="Integer"/>-->
            <!--<columnOverride column="user_scope_type" javaType="Integer"/>-->
        </table>

    </context>
</generatorConfiguration>