<?xml version="1.0" encoding="UTF-8"?>
<!DOCTYPE mapper PUBLIC "-//mybatis.org//DTD Mapper 3.0//EN" "http://mybatis.org/dtd/mybatis-3-mapper.dtd">
<mapper namespace="com.bilibili.admin.mapper.ActivityExtTimerMapper">
  <resultMap id="BaseResultMap" type="com.bilibili.admin.model.ActivityExtTimer">
    <!--
      WARNING - @mbggenerated
      This element is automatically generated by MyBatis Generator, do not modify.
      This element was generated on Wed Jan 02 12:03:27 CST 2019.
    -->
    <id column="id" jdbcType="INTEGER" property="id" />
    <result column="activity_id" jdbcType="INTEGER" property="activityId" />
    <result column="current_timing" jdbcType="INTEGER" property="currentTiming" />
    <result column="current_progress" jdbcType="INTEGER" property="currentProgress" />
  </resultMap>
  <sql id="Example_Where_Clause">
    <!--
      WARNING - @mbggenerated
      This element is automatically generated by MyBatis Generator, do not modify.
      This element was generated on Wed Jan 02 12:03:27 CST 2019.
    -->
    <where>
      <foreach collection="oredCriteria" item="criteria" separator="or">
        <if test="criteria.valid">
          <trim prefix="(" prefixOverrides="and" suffix=")">
            <foreach collection="criteria.criteria" item="criterion">
              <choose>
                <when test="criterion.noValue">
                  and ${criterion.condition}
                </when>
                <when test="criterion.singleValue">
                  and ${criterion.condition} #{criterion.value}
                </when>
                <when test="criterion.betweenValue">
                  and ${criterion.condition} #{criterion.value} and #{criterion.secondValue}
                </when>
                <when test="criterion.listValue">
                  and ${criterion.condition}
                  <foreach close=")" collection="criterion.value" item="listItem" open="(" separator=",">
                    #{listItem}
                  </foreach>
                </when>
              </choose>
            </foreach>
          </trim>
        </if>
      </foreach>
    </where>
  </sql>
  <sql id="Update_By_Example_Where_Clause">
    <!--
      WARNING - @mbggenerated
      This element is automatically generated by MyBatis Generator, do not modify.
      This element was generated on Wed Jan 02 12:03:27 CST 2019.
    -->
    <where>
      <foreach collection="example.oredCriteria" item="criteria" separator="or">
        <if test="criteria.valid">
          <trim prefix="(" prefixOverrides="and" suffix=")">
            <foreach collection="criteria.criteria" item="criterion">
              <choose>
                <when test="criterion.noValue">
                  and ${criterion.condition}
                </when>
                <when test="criterion.singleValue">
                  and ${criterion.condition} #{criterion.value}
                </when>
                <when test="criterion.betweenValue">
                  and ${criterion.condition} #{criterion.value} and #{criterion.secondValue}
                </when>
                <when test="criterion.listValue">
                  and ${criterion.condition}
                  <foreach close=")" collection="criterion.value" item="listItem" open="(" separator=",">
                    #{listItem}
                  </foreach>
                </when>
              </choose>
            </foreach>
          </trim>
        </if>
      </foreach>
    </where>
  </sql>
  <sql id="Base_Column_List">
    <!--
      WARNING - @mbggenerated
      This element is automatically generated by MyBatis Generator, do not modify.
      This element was generated on Wed Jan 02 12:03:27 CST 2019.
    -->
    id, activity_id, current_timing, current_progress
  </sql>
  <select id="selectByExample" parameterType="com.bilibili.admin.model.ActivityExtTimerExample" resultMap="BaseResultMap">
    <!--
      WARNING - @mbggenerated
      This element is automatically generated by MyBatis Generator, do not modify.
      This element was generated on Wed Jan 02 12:03:27 CST 2019.
    -->
    select
    <if test="distinct">
      distinct
    </if>
    'true' as QUERYID,
    <include refid="Base_Column_List" />
    from activity_ext_timer
    <if test="_parameter != null">
      <include refid="Example_Where_Clause" />
    </if>
    <if test="orderByClause != null">
      order by ${orderByClause}
    </if>
  </select>
  <select id="selectByPrimaryKey" parameterType="java.lang.Integer" resultMap="BaseResultMap">
    <!--
      WARNING - @mbggenerated
      This element is automatically generated by MyBatis Generator, do not modify.
      This element was generated on Wed Jan 02 12:03:27 CST 2019.
    -->
    select 
    <include refid="Base_Column_List" />
    from activity_ext_timer
    where id = #{id,jdbcType=INTEGER}
  </select>
  <delete id="deleteByPrimaryKey" parameterType="java.lang.Integer">
    <!--
      WARNING - @mbggenerated
      This element is automatically generated by MyBatis Generator, do not modify.
      This element was generated on Wed Jan 02 12:03:27 CST 2019.
    -->
    delete from activity_ext_timer
    where id = #{id,jdbcType=INTEGER}
  </delete>
  <delete id="deleteByExample" parameterType="com.bilibili.admin.model.ActivityExtTimerExample">
    <!--
      WARNING - @mbggenerated
      This element is automatically generated by MyBatis Generator, do not modify.
      This element was generated on Wed Jan 02 12:03:27 CST 2019.
    -->
    delete from activity_ext_timer
    <if test="_parameter != null">
      <include refid="Example_Where_Clause" />
    </if>
  </delete>
  <insert id="insert" parameterType="com.bilibili.admin.model.ActivityExtTimer">
    <!--
      WARNING - @mbggenerated
      This element is automatically generated by MyBatis Generator, do not modify.
      This element was generated on Wed Jan 02 12:03:27 CST 2019.
    -->
    insert into activity_ext_timer (id, activity_id, current_timing, 
      current_progress)
    values (#{id,jdbcType=INTEGER}, #{activityId,jdbcType=INTEGER}, #{currentTiming,jdbcType=INTEGER}, 
      #{currentProgress,jdbcType=INTEGER})
  </insert>
  <insert id="insertSelective" parameterType="com.bilibili.admin.model.ActivityExtTimer">
    <!--
      WARNING - @mbggenerated
      This element is automatically generated by MyBatis Generator, do not modify.
      This element was generated on Wed Jan 02 12:03:27 CST 2019.
    -->
    <selectKey resultType="java.lang.Integer" order="AFTER" keyProperty="id">
      SELECT LAST_INSERT_ID()
    </selectKey>
    insert into activity_ext_timer
    <trim prefix="(" suffix=")" suffixOverrides=",">
      <if test="id != null">
        id,
      </if>
      <if test="activityId != null">
        activity_id,
      </if>
      <if test="currentTiming != null">
        current_timing,
      </if>
      <if test="currentProgress != null">
        current_progress,
      </if>
    </trim>
    <trim prefix="values (" suffix=")" suffixOverrides=",">
      <if test="id != null">
        #{id,jdbcType=INTEGER},
      </if>
      <if test="activityId != null">
        #{activityId,jdbcType=INTEGER},
      </if>
      <if test="currentTiming != null">
        #{currentTiming,jdbcType=INTEGER},
      </if>
      <if test="currentProgress != null">
        #{currentProgress,jdbcType=INTEGER},
      </if>
    </trim>
  </insert>
  <select id="countByExample" parameterType="com.bilibili.admin.model.ActivityExtTimerExample" resultType="java.lang.Integer">
    <!--
      WARNING - @mbggenerated
      This element is automatically generated by MyBatis Generator, do not modify.
      This element was generated on Wed Jan 02 12:03:27 CST 2019.
    -->
    select count(*) from activity_ext_timer
    <if test="_parameter != null">
      <include refid="Example_Where_Clause" />
    </if>
  </select>
  <update id="updateByExampleSelective" parameterType="map">
    <!--
      WARNING - @mbggenerated
      This element is automatically generated by MyBatis Generator, do not modify.
      This element was generated on Wed Jan 02 12:03:27 CST 2019.
    -->
    update activity_ext_timer
    <set>
      <if test="record.id != null">
        id = #{record.id,jdbcType=INTEGER},
      </if>
      <if test="record.activityId != null">
        activity_id = #{record.activityId,jdbcType=INTEGER},
      </if>
      <if test="record.currentTiming != null">
        current_timing = #{record.currentTiming,jdbcType=INTEGER},
      </if>
      <if test="record.currentProgress != null">
        current_progress = #{record.currentProgress,jdbcType=INTEGER},
      </if>
    </set>
    <if test="_parameter != null">
      <include refid="Update_By_Example_Where_Clause" />
    </if>
  </update>
  <update id="updateByExample" parameterType="map">
    <!--
      WARNING - @mbggenerated
      This element is automatically generated by MyBatis Generator, do not modify.
      This element was generated on Wed Jan 02 12:03:27 CST 2019.
    -->
    update activity_ext_timer
    set id = #{record.id,jdbcType=INTEGER},
      activity_id = #{record.activityId,jdbcType=INTEGER},
      current_timing = #{record.currentTiming,jdbcType=INTEGER},
      current_progress = #{record.currentProgress,jdbcType=INTEGER}
    <if test="_parameter != null">
      <include refid="Update_By_Example_Where_Clause" />
    </if>
  </update>
  <update id="updateByPrimaryKeySelective" parameterType="com.bilibili.admin.model.ActivityExtTimer">
    <!--
      WARNING - @mbggenerated
      This element is automatically generated by MyBatis Generator, do not modify.
      This element was generated on Wed Jan 02 12:03:27 CST 2019.
    -->
    update activity_ext_timer
    <set>
      <if test="activityId != null">
        activity_id = #{activityId,jdbcType=INTEGER},
      </if>
      <if test="currentTiming != null">
        current_timing = #{currentTiming,jdbcType=INTEGER},
      </if>
      <if test="currentProgress != null">
        current_progress = #{currentProgress,jdbcType=INTEGER},
      </if>
    </set>
    where id = #{id,jdbcType=INTEGER}
  </update>
  <update id="updateByPrimaryKey" parameterType="com.bilibili.admin.model.ActivityExtTimer">
    <!--
      WARNING - @mbggenerated
      This element is automatically generated by MyBatis Generator, do not modify.
      This element was generated on Wed Jan 02 12:03:27 CST 2019.
    -->
    update activity_ext_timer
    set activity_id = #{activityId,jdbcType=INTEGER},
      current_timing = #{currentTiming,jdbcType=INTEGER},
      current_progress = #{currentProgress,jdbcType=INTEGER}
    where id = #{id,jdbcType=INTEGER}
  </update>
</mapper>