<?xml version="1.0" encoding="UTF-8" ?>
<!DOCTYPE mapper PUBLIC "-//mybatis.org//DTD Mapper 3.0//EN" "http://mybatis.org/dtd/mybatis-3-mapper.dtd" >
<mapper namespace="com.bilibili.admin.mapper.ActivityDepartmentWinningWeightMapper" >
  <resultMap id="BaseResultMap" type="com.bilibili.admin.model.ActivityDepartmentWinningWeight" >
    <!--
      WARNING - @mbggenerated
      This element is automatically generated by MyBatis Generator, do not modify.
      This element was generated on Mon Dec 24 13:55:43 CST 2018.
    -->
    <id column="id" property="id" jdbcType="INTEGER" />
    <result column="activity_id" property="activityId" jdbcType="VARCHAR" />
    <result column="department_id" property="departmentId" jdbcType="VARCHAR" />
    <result column="left_interval" property="leftInterval" jdbcType="INTEGER" />
    <result column="right_interval" property="rightInterval" jdbcType="INTEGER" />
  </resultMap>
  <sql id="Example_Where_Clause" >
    <!--
      WARNING - @mbggenerated
      This element is automatically generated by MyBatis Generator, do not modify.
      This element was generated on Mon Dec 24 13:55:43 CST 2018.
    -->
    <where >
      <foreach collection="oredCriteria" item="criteria" separator="or" >
        <if test="criteria.valid" >
          <trim prefix="(" suffix=")" prefixOverrides="and" >
            <foreach collection="criteria.criteria" item="criterion" >
              <choose >
                <when test="criterion.noValue" >
                  and ${criterion.condition}
                </when>
                <when test="criterion.singleValue" >
                  and ${criterion.condition} #{criterion.value}
                </when>
                <when test="criterion.betweenValue" >
                  and ${criterion.condition} #{criterion.value} and #{criterion.secondValue}
                </when>
                <when test="criterion.listValue" >
                  and ${criterion.condition}
                  <foreach collection="criterion.value" item="listItem" open="(" close=")" separator="," >
                    #{listItem}
                  </foreach>
                </when>
              </choose>
            </foreach>
          </trim>
        </if>
      </foreach>
    </where>
  </sql>
  <sql id="Update_By_Example_Where_Clause" >
    <!--
      WARNING - @mbggenerated
      This element is automatically generated by MyBatis Generator, do not modify.
      This element was generated on Mon Dec 24 13:55:43 CST 2018.
    -->
    <where >
      <foreach collection="example.oredCriteria" item="criteria" separator="or" >
        <if test="criteria.valid" >
          <trim prefix="(" suffix=")" prefixOverrides="and" >
            <foreach collection="criteria.criteria" item="criterion" >
              <choose >
                <when test="criterion.noValue" >
                  and ${criterion.condition}
                </when>
                <when test="criterion.singleValue" >
                  and ${criterion.condition} #{criterion.value}
                </when>
                <when test="criterion.betweenValue" >
                  and ${criterion.condition} #{criterion.value} and #{criterion.secondValue}
                </when>
                <when test="criterion.listValue" >
                  and ${criterion.condition}
                  <foreach collection="criterion.value" item="listItem" open="(" close=")" separator="," >
                    #{listItem}
                  </foreach>
                </when>
              </choose>
            </foreach>
          </trim>
        </if>
      </foreach>
    </where>
  </sql>
  <sql id="Base_Column_List" >
    <!--
      WARNING - @mbggenerated
      This element is automatically generated by MyBatis Generator, do not modify.
      This element was generated on Mon Dec 24 13:55:43 CST 2018.
    -->
    id, activity_id, department_id, left_interval, right_interval
  </sql>
  <select id="selectByExample" resultMap="BaseResultMap" parameterType="com.bilibili.admin.model.ActivityDepartmentWinningWeightExample" >
    <!--
      WARNING - @mbggenerated
      This element is automatically generated by MyBatis Generator, do not modify.
      This element was generated on Mon Dec 24 13:55:43 CST 2018.
    -->
    select
    <if test="distinct" >
      distinct
    </if>
    'true' as QUERYID,
    <include refid="Base_Column_List" />
    from activity_department_winning_weight
    <if test="_parameter != null" >
      <include refid="Example_Where_Clause" />
    </if>
    <if test="orderByClause != null" >
      order by ${orderByClause}
    </if>
  </select>
  <select id="selectByPrimaryKey" resultMap="BaseResultMap" parameterType="java.lang.Integer" >
    <!--
      WARNING - @mbggenerated
      This element is automatically generated by MyBatis Generator, do not modify.
      This element was generated on Mon Dec 24 13:55:43 CST 2018.
    -->
    select 
    <include refid="Base_Column_List" />
    from activity_department_winning_weight
    where id = #{id,jdbcType=INTEGER}
  </select>
  <delete id="deleteByPrimaryKey" parameterType="java.lang.Integer" >
    <!--
      WARNING - @mbggenerated
      This element is automatically generated by MyBatis Generator, do not modify.
      This element was generated on Mon Dec 24 13:55:43 CST 2018.
    -->
    delete from activity_department_winning_weight
    where id = #{id,jdbcType=INTEGER}
  </delete>
  <delete id="deleteByExample" parameterType="com.bilibili.admin.model.ActivityDepartmentWinningWeightExample" >
    <!--
      WARNING - @mbggenerated
      This element is automatically generated by MyBatis Generator, do not modify.
      This element was generated on Mon Dec 24 13:55:43 CST 2018.
    -->
    delete from activity_department_winning_weight
    <if test="_parameter != null" >
      <include refid="Example_Where_Clause" />
    </if>
  </delete>
  <insert id="insert" parameterType="com.bilibili.admin.model.ActivityDepartmentWinningWeight" >
    <!--
      WARNING - @mbggenerated
      This element is automatically generated by MyBatis Generator, do not modify.
      This element was generated on Mon Dec 24 13:55:43 CST 2018.
    -->
    insert into activity_department_winning_weight (id, activity_id, department_id, 
      left_interval, right_interval)
    values (#{id,jdbcType=INTEGER}, #{activityId,jdbcType=VARCHAR}, #{departmentId,jdbcType=VARCHAR}, 
      #{leftInterval,jdbcType=INTEGER}, #{rightInterval,jdbcType=INTEGER})
  </insert>
  <insert id="insertSelective" parameterType="com.bilibili.admin.model.ActivityDepartmentWinningWeight" >
    <!--
      WARNING - @mbggenerated
      This element is automatically generated by MyBatis Generator, do not modify.
      This element was generated on Mon Dec 24 13:55:43 CST 2018.
    -->
    insert into activity_department_winning_weight
    <trim prefix="(" suffix=")" suffixOverrides="," >
      <if test="id != null" >
        id,
      </if>
      <if test="activityId != null" >
        activity_id,
      </if>
      <if test="departmentId != null" >
        department_id,
      </if>
      <if test="leftInterval != null" >
        left_interval,
      </if>
      <if test="rightInterval != null" >
        right_interval,
      </if>
    </trim>
    <trim prefix="values (" suffix=")" suffixOverrides="," >
      <if test="id != null" >
        #{id,jdbcType=INTEGER},
      </if>
      <if test="activityId != null" >
        #{activityId,jdbcType=VARCHAR},
      </if>
      <if test="departmentId != null" >
        #{departmentId,jdbcType=VARCHAR},
      </if>
      <if test="leftInterval != null" >
        #{leftInterval,jdbcType=INTEGER},
      </if>
      <if test="rightInterval != null" >
        #{rightInterval,jdbcType=INTEGER},
      </if>
    </trim>
  </insert>
  <select id="countByExample" parameterType="com.bilibili.admin.model.ActivityDepartmentWinningWeightExample" resultType="java.lang.Integer" >
    <!--
      WARNING - @mbggenerated
      This element is automatically generated by MyBatis Generator, do not modify.
      This element was generated on Mon Dec 24 13:55:43 CST 2018.
    -->
    select count(*) from activity_department_winning_weight
    <if test="_parameter != null" >
      <include refid="Example_Where_Clause" />
    </if>
  </select>
  <update id="updateByExampleSelective" parameterType="map" >
    <!--
      WARNING - @mbggenerated
      This element is automatically generated by MyBatis Generator, do not modify.
      This element was generated on Mon Dec 24 13:55:43 CST 2018.
    -->
    update activity_department_winning_weight
    <set >
      <if test="record.id != null" >
        id = #{record.id,jdbcType=INTEGER},
      </if>
      <if test="record.activityId != null" >
        activity_id = #{record.activityId,jdbcType=VARCHAR},
      </if>
      <if test="record.departmentId != null" >
        department_id = #{record.departmentId,jdbcType=VARCHAR},
      </if>
      <if test="record.leftInterval != null" >
        left_interval = #{record.leftInterval,jdbcType=INTEGER},
      </if>
      <if test="record.rightInterval != null" >
        right_interval = #{record.rightInterval,jdbcType=INTEGER},
      </if>
    </set>
    <if test="_parameter != null" >
      <include refid="Update_By_Example_Where_Clause" />
    </if>
  </update>
  <update id="updateByExample" parameterType="map" >
    <!--
      WARNING - @mbggenerated
      This element is automatically generated by MyBatis Generator, do not modify.
      This element was generated on Mon Dec 24 13:55:43 CST 2018.
    -->
    update activity_department_winning_weight
    set id = #{record.id,jdbcType=INTEGER},
      activity_id = #{record.activityId,jdbcType=VARCHAR},
      department_id = #{record.departmentId,jdbcType=VARCHAR},
      left_interval = #{record.leftInterval,jdbcType=INTEGER},
      right_interval = #{record.rightInterval,jdbcType=INTEGER}
    <if test="_parameter != null" >
      <include refid="Update_By_Example_Where_Clause" />
    </if>
  </update>
  <update id="updateByPrimaryKeySelective" parameterType="com.bilibili.admin.model.ActivityDepartmentWinningWeight" >
    <!--
      WARNING - @mbggenerated
      This element is automatically generated by MyBatis Generator, do not modify.
      This element was generated on Mon Dec 24 13:55:43 CST 2018.
    -->
    update activity_department_winning_weight
    <set >
      <if test="activityId != null" >
        activity_id = #{activityId,jdbcType=VARCHAR},
      </if>
      <if test="departmentId != null" >
        department_id = #{departmentId,jdbcType=VARCHAR},
      </if>
      <if test="leftInterval != null" >
        left_interval = #{leftInterval,jdbcType=INTEGER},
      </if>
      <if test="rightInterval != null" >
        right_interval = #{rightInterval,jdbcType=INTEGER},
      </if>
    </set>
    where id = #{id,jdbcType=INTEGER}
  </update>
  <update id="updateByPrimaryKey" parameterType="com.bilibili.admin.model.ActivityDepartmentWinningWeight" >
    <!--
      WARNING - @mbggenerated
      This element is automatically generated by MyBatis Generator, do not modify.
      This element was generated on Mon Dec 24 13:55:43 CST 2018.
    -->
    update activity_department_winning_weight
    set activity_id = #{activityId,jdbcType=VARCHAR},
      department_id = #{departmentId,jdbcType=VARCHAR},
      left_interval = #{leftInterval,jdbcType=INTEGER},
      right_interval = #{rightInterval,jdbcType=INTEGER}
    where id = #{id,jdbcType=INTEGER}
  </update>
</mapper>