<?xml version="1.0" encoding="UTF-8" ?>
<!DOCTYPE mapper PUBLIC "-//mybatis.org//DTD Mapper 3.0//EN" "http://mybatis.org/dtd/mybatis-3-mapper.dtd" >
<mapper namespace="com.bilibili.admin.mapper.ActivityPrizeInfoExtMapper" >
  <resultMap id="BaseResultMap" type="com.bilibili.admin.model.ActivityPrizeInfoExt" >
    <!--
      WARNING - @mbggenerated
      This element is automatically generated by MyBatis Generator, do not modify.
      This element was generated on Sun Jan 13 15:39:55 CST 2019.
    -->
    <id column="id" property="id" jdbcType="INTEGER" />
    <result column="activity_prize_id" property="activityPrizeId" jdbcType="VARCHAR" />
    <result column="activity_id" property="activityId" jdbcType="INTEGER" />
    <result column="btn_name" property="btnName" jdbcType="VARCHAR" />
  </resultMap>
  <sql id="Example_Where_Clause" >
    <!--
      WARNING - @mbggenerated
      This element is automatically generated by MyBatis Generator, do not modify.
      This element was generated on Sun Jan 13 15:39:55 CST 2019.
    -->
    <where >
      <foreach collection="oredCriteria" item="criteria" separator="or" >
        <if test="criteria.valid" >
          <trim prefix="(" suffix=")" prefixOverrides="and" >
            <foreach collection="criteria.criteria" item="criterion" >
              <choose >
                <when test="criterion.noValue" >
                  and ${criterion.condition}
                </when>
                <when test="criterion.singleValue" >
                  and ${criterion.condition} #{criterion.value}
                </when>
                <when test="criterion.betweenValue" >
                  and ${criterion.condition} #{criterion.value} and #{criterion.secondValue}
                </when>
                <when test="criterion.listValue" >
                  and ${criterion.condition}
                  <foreach collection="criterion.value" item="listItem" open="(" close=")" separator="," >
                    #{listItem}
                  </foreach>
                </when>
              </choose>
            </foreach>
          </trim>
        </if>
      </foreach>
    </where>
  </sql>
  <sql id="Update_By_Example_Where_Clause" >
    <!--
      WARNING - @mbggenerated
      This element is automatically generated by MyBatis Generator, do not modify.
      This element was generated on Sun Jan 13 15:39:55 CST 2019.
    -->
    <where >
      <foreach collection="example.oredCriteria" item="criteria" separator="or" >
        <if test="criteria.valid" >
          <trim prefix="(" suffix=")" prefixOverrides="and" >
            <foreach collection="criteria.criteria" item="criterion" >
              <choose >
                <when test="criterion.noValue" >
                  and ${criterion.condition}
                </when>
                <when test="criterion.singleValue" >
                  and ${criterion.condition} #{criterion.value}
                </when>
                <when test="criterion.betweenValue" >
                  and ${criterion.condition} #{criterion.value} and #{criterion.secondValue}
                </when>
                <when test="criterion.listValue" >
                  and ${criterion.condition}
                  <foreach collection="criterion.value" item="listItem" open="(" close=")" separator="," >
                    #{listItem}
                  </foreach>
                </when>
              </choose>
            </foreach>
          </trim>
        </if>
      </foreach>
    </where>
  </sql>
  <sql id="Base_Column_List" >
    <!--
      WARNING - @mbggenerated
      This element is automatically generated by MyBatis Generator, do not modify.
      This element was generated on Sun Jan 13 15:39:55 CST 2019.
    -->
    id, activity_prize_id, activity_id, btn_name
  </sql>
  <select id="selectByExample" resultMap="BaseResultMap" parameterType="com.bilibili.admin.model.ActivityPrizeInfoExtExample" >
    <!--
      WARNING - @mbggenerated
      This element is automatically generated by MyBatis Generator, do not modify.
      This element was generated on Sun Jan 13 15:39:55 CST 2019.
    -->
    select
    <if test="distinct" >
      distinct
    </if>
    'true' as QUERYID,
    <include refid="Base_Column_List" />
    from activity_prize_info_ext
    <if test="_parameter != null" >
      <include refid="Example_Where_Clause" />
    </if>
    <if test="orderByClause != null" >
      order by ${orderByClause}
    </if>
  </select>
  <select id="selectByPrimaryKey" resultMap="BaseResultMap" parameterType="java.lang.Integer" >
    <!--
      WARNING - @mbggenerated
      This element is automatically generated by MyBatis Generator, do not modify.
      This element was generated on Sun Jan 13 15:39:55 CST 2019.
    -->
    select 
    <include refid="Base_Column_List" />
    from activity_prize_info_ext
    where id = #{id,jdbcType=INTEGER}
  </select>
  <delete id="deleteByPrimaryKey" parameterType="java.lang.Integer" >
    <!--
      WARNING - @mbggenerated
      This element is automatically generated by MyBatis Generator, do not modify.
      This element was generated on Sun Jan 13 15:39:55 CST 2019.
    -->
    delete from activity_prize_info_ext
    where id = #{id,jdbcType=INTEGER}
  </delete>
  <delete id="deleteByExample" parameterType="com.bilibili.admin.model.ActivityPrizeInfoExtExample" >
    <!--
      WARNING - @mbggenerated
      This element is automatically generated by MyBatis Generator, do not modify.
      This element was generated on Sun Jan 13 15:39:55 CST 2019.
    -->
    delete from activity_prize_info_ext
    <if test="_parameter != null" >
      <include refid="Example_Where_Clause" />
    </if>
  </delete>
  <insert id="insert" parameterType="com.bilibili.admin.model.ActivityPrizeInfoExt" >
    <!--
      WARNING - @mbggenerated
      This element is automatically generated by MyBatis Generator, do not modify.
      This element was generated on Sun Jan 13 15:39:55 CST 2019.
    -->
    insert into activity_prize_info_ext (id, activity_prize_id, activity_id, 
      btn_name)
    values (#{id,jdbcType=INTEGER}, #{activityPrizeId,jdbcType=VARCHAR}, #{activityId,jdbcType=INTEGER}, 
      #{btnName,jdbcType=VARCHAR})
  </insert>
  <insert id="insertSelective" parameterType="com.bilibili.admin.model.ActivityPrizeInfoExt" >
    <!--
      WARNING - @mbggenerated
      This element is automatically generated by MyBatis Generator, do not modify.
      This element was generated on Sun Jan 13 15:39:55 CST 2019.
    -->
    insert into activity_prize_info_ext
    <trim prefix="(" suffix=")" suffixOverrides="," >
      <if test="id != null" >
        id,
      </if>
      <if test="activityPrizeId != null" >
        activity_prize_id,
      </if>
      <if test="activityId != null" >
        activity_id,
      </if>
      <if test="btnName != null" >
        btn_name,
      </if>
    </trim>
    <trim prefix="values (" suffix=")" suffixOverrides="," >
      <if test="id != null" >
        #{id,jdbcType=INTEGER},
      </if>
      <if test="activityPrizeId != null" >
        #{activityPrizeId,jdbcType=VARCHAR},
      </if>
      <if test="activityId != null" >
        #{activityId,jdbcType=INTEGER},
      </if>
      <if test="btnName != null" >
        #{btnName,jdbcType=VARCHAR},
      </if>
    </trim>
  </insert>
  <select id="countByExample" parameterType="com.bilibili.admin.model.ActivityPrizeInfoExtExample" resultType="java.lang.Integer" >
    <!--
      WARNING - @mbggenerated
      This element is automatically generated by MyBatis Generator, do not modify.
      This element was generated on Sun Jan 13 15:39:55 CST 2019.
    -->
    select count(*) from activity_prize_info_ext
    <if test="_parameter != null" >
      <include refid="Example_Where_Clause" />
    </if>
  </select>
  <update id="updateByExampleSelective" parameterType="map" >
    <!--
      WARNING - @mbggenerated
      This element is automatically generated by MyBatis Generator, do not modify.
      This element was generated on Sun Jan 13 15:39:55 CST 2019.
    -->
    update activity_prize_info_ext
    <set >
      <if test="record.id != null" >
        id = #{record.id,jdbcType=INTEGER},
      </if>
      <if test="record.activityPrizeId != null" >
        activity_prize_id = #{record.activityPrizeId,jdbcType=VARCHAR},
      </if>
      <if test="record.activityId != null" >
        activity_id = #{record.activityId,jdbcType=INTEGER},
      </if>
      <if test="record.btnName != null" >
        btn_name = #{record.btnName,jdbcType=VARCHAR},
      </if>
    </set>
    <if test="_parameter != null" >
      <include refid="Update_By_Example_Where_Clause" />
    </if>
  </update>
  <update id="updateByExample" parameterType="map" >
    <!--
      WARNING - @mbggenerated
      This element is automatically generated by MyBatis Generator, do not modify.
      This element was generated on Sun Jan 13 15:39:55 CST 2019.
    -->
    update activity_prize_info_ext
    set id = #{record.id,jdbcType=INTEGER},
      activity_prize_id = #{record.activityPrizeId,jdbcType=VARCHAR},
      activity_id = #{record.activityId,jdbcType=INTEGER},
      btn_name = #{record.btnName,jdbcType=VARCHAR}
    <if test="_parameter != null" >
      <include refid="Update_By_Example_Where_Clause" />
    </if>
  </update>
  <update id="updateByPrimaryKeySelective" parameterType="com.bilibili.admin.model.ActivityPrizeInfoExt" >
    <!--
      WARNING - @mbggenerated
      This element is automatically generated by MyBatis Generator, do not modify.
      This element was generated on Sun Jan 13 15:39:55 CST 2019.
    -->
    update activity_prize_info_ext
    <set >
      <if test="activityPrizeId != null" >
        activity_prize_id = #{activityPrizeId,jdbcType=VARCHAR},
      </if>
      <if test="activityId != null" >
        activity_id = #{activityId,jdbcType=INTEGER},
      </if>
      <if test="btnName != null" >
        btn_name = #{btnName,jdbcType=VARCHAR},
      </if>
    </set>
    where id = #{id,jdbcType=INTEGER}
  </update>
  <update id="updateByPrimaryKey" parameterType="com.bilibili.admin.model.ActivityPrizeInfoExt" >
    <!--
      WARNING - @mbggenerated
      This element is automatically generated by MyBatis Generator, do not modify.
      This element was generated on Sun Jan 13 15:39:55 CST 2019.
    -->
    update activity_prize_info_ext
    set activity_prize_id = #{activityPrizeId,jdbcType=VARCHAR},
      activity_id = #{activityId,jdbcType=INTEGER},
      btn_name = #{btnName,jdbcType=VARCHAR}
    where id = #{id,jdbcType=INTEGER}
  </update>
</mapper>