<?xml version="1.0" encoding="UTF-8" ?>
<!DOCTYPE mapper PUBLIC "-//mybatis.org//DTD Mapper 3.0//EN" "http://mybatis.org/dtd/mybatis-3-mapper.dtd" >
<mapper namespace="com.bilibili.admin.mapper.ActivityPrizeInfoMapper" >
  <resultMap id="BaseResultMap" type="com.bilibili.admin.model.ActivityPrizeInfo" >
    <!--
      WARNING - @mbggenerated
      This element is automatically generated by MyBatis Generator, do not modify.
      This element was generated on Thu Dec 27 14:05:56 CST 2018.
    -->
    <id column="id" property="id" jdbcType="INTEGER" />
    <result column="activity_prize_name" property="activityPrizeName" jdbcType="VARCHAR" />
    <result column="activity_prize_desc" property="activityPrizeDesc" jdbcType="VARCHAR" />
    <result column="activity_prize_winning_number" property="activityPrizeWinningNumber" jdbcType="INTEGER" />
    <result column="activity_id" property="activityId" jdbcType="INTEGER" />
    <result column="prize_id" property="prizeId" jdbcType="INTEGER" />
    <result column="status" property="status" jdbcType="INTEGER" />
    <result column="update_time" property="updateTime" jdbcType="TIMESTAMP" />
  </resultMap>
  <sql id="Example_Where_Clause" >
    <!--
      WARNING - @mbggenerated
      This element is automatically generated by MyBatis Generator, do not modify.
      This element was generated on Thu Dec 27 14:05:56 CST 2018.
    -->
    <where >
      <foreach collection="oredCriteria" item="criteria" separator="or" >
        <if test="criteria.valid" >
          <trim prefix="(" suffix=")" prefixOverrides="and" >
            <foreach collection="criteria.criteria" item="criterion" >
              <choose >
                <when test="criterion.noValue" >
                  and ${criterion.condition}
                </when>
                <when test="criterion.singleValue" >
                  and ${criterion.condition} #{criterion.value}
                </when>
                <when test="criterion.betweenValue" >
                  and ${criterion.condition} #{criterion.value} and #{criterion.secondValue}
                </when>
                <when test="criterion.listValue" >
                  and ${criterion.condition}
                  <foreach collection="criterion.value" item="listItem" open="(" close=")" separator="," >
                    #{listItem}
                  </foreach>
                </when>
              </choose>
            </foreach>
          </trim>
        </if>
      </foreach>
    </where>
  </sql>
  <sql id="Update_By_Example_Where_Clause" >
    <!--
      WARNING - @mbggenerated
      This element is automatically generated by MyBatis Generator, do not modify.
      This element was generated on Thu Dec 27 14:05:56 CST 2018.
    -->
    <where >
      <foreach collection="example.oredCriteria" item="criteria" separator="or" >
        <if test="criteria.valid" >
          <trim prefix="(" suffix=")" prefixOverrides="and" >
            <foreach collection="criteria.criteria" item="criterion" >
              <choose >
                <when test="criterion.noValue" >
                  and ${criterion.condition}
                </when>
                <when test="criterion.singleValue" >
                  and ${criterion.condition} #{criterion.value}
                </when>
                <when test="criterion.betweenValue" >
                  and ${criterion.condition} #{criterion.value} and #{criterion.secondValue}
                </when>
                <when test="criterion.listValue" >
                  and ${criterion.condition}
                  <foreach collection="criterion.value" item="listItem" open="(" close=")" separator="," >
                    #{listItem}
                  </foreach>
                </when>
              </choose>
            </foreach>
          </trim>
        </if>
      </foreach>
    </where>
  </sql>
  <sql id="Base_Column_List" >
    <!--
      WARNING - @mbggenerated
      This element is automatically generated by MyBatis Generator, do not modify.
      This element was generated on Thu Dec 27 14:05:56 CST 2018.
    -->
    id, activity_prize_name, activity_prize_desc, activity_prize_winning_number, activity_id, 
    prize_id, status, update_time
  </sql>
  <select id="selectByExample" resultMap="BaseResultMap" parameterType="com.bilibili.admin.model.ActivityPrizeInfoExample" >
    <!--
      WARNING - @mbggenerated
      This element is automatically generated by MyBatis Generator, do not modify.
      This element was generated on Thu Dec 27 14:05:56 CST 2018.
    -->
    select
    <if test="distinct" >
      distinct
    </if>
    'true' as QUERYID,
    <include refid="Base_Column_List" />
    from activity_prize_info
    <if test="_parameter != null" >
      <include refid="Example_Where_Clause" />
    </if>
    <if test="orderByClause != null" >
      order by ${orderByClause}
    </if>
  </select>
  <select id="selectByPrimaryKey" resultMap="BaseResultMap" parameterType="java.lang.Integer" >
    <!--
      WARNING - @mbggenerated
      This element is automatically generated by MyBatis Generator, do not modify.
      This element was generated on Thu Dec 27 14:05:56 CST 2018.
    -->
    select 
    <include refid="Base_Column_List" />
    from activity_prize_info
    where id = #{id,jdbcType=INTEGER}
  </select>
  <delete id="deleteByPrimaryKey" parameterType="java.lang.Integer" >
    <!--
      WARNING - @mbggenerated
      This element is automatically generated by MyBatis Generator, do not modify.
      This element was generated on Thu Dec 27 14:05:56 CST 2018.
    -->
    delete from activity_prize_info
    where id = #{id,jdbcType=INTEGER}
  </delete>
  <delete id="deleteByExample" parameterType="com.bilibili.admin.model.ActivityPrizeInfoExample" >
    <!--
      WARNING - @mbggenerated
      This element is automatically generated by MyBatis Generator, do not modify.
      This element was generated on Thu Dec 27 14:05:56 CST 2018.
    -->
    delete from activity_prize_info
    <if test="_parameter != null" >
      <include refid="Example_Where_Clause" />
    </if>
  </delete>
  <insert id="insert" parameterType="com.bilibili.admin.model.ActivityPrizeInfo" >
    <!--
      WARNING - @mbggenerated
      This element is automatically generated by MyBatis Generator, do not modify.
      This element was generated on Thu Dec 27 14:05:56 CST 2018.
    -->
    insert into activity_prize_info (id, activity_prize_name, activity_prize_desc, 
      activity_prize_winning_number, activity_id, 
      prize_id, status, update_time
      )
    values (#{id,jdbcType=INTEGER}, #{activityPrizeName,jdbcType=VARCHAR}, #{activityPrizeDesc,jdbcType=VARCHAR}, 
      #{activityPrizeWinningNumber,jdbcType=INTEGER}, #{activityId,jdbcType=INTEGER}, 
      #{prizeId,jdbcType=INTEGER}, #{status,jdbcType=INTEGER}, #{updateTime,jdbcType=TIMESTAMP}
      )
  </insert>
  <insert id="insertSelective" parameterType="com.bilibili.admin.model.ActivityPrizeInfo" >
    <!--
      WARNING - @mbggenerated
      This element is automatically generated by MyBatis Generator, do not modify.
      This element was generated on Thu Dec 27 14:05:56 CST 2018.
    -->
    insert into activity_prize_info
    <trim prefix="(" suffix=")" suffixOverrides="," >
      <if test="id != null" >
        id,
      </if>
      <if test="activityPrizeName != null" >
        activity_prize_name,
      </if>
      <if test="activityPrizeDesc != null" >
        activity_prize_desc,
      </if>
      <if test="activityPrizeWinningNumber != null" >
        activity_prize_winning_number,
      </if>
      <if test="activityId != null" >
        activity_id,
      </if>
      <if test="prizeId != null" >
        prize_id,
      </if>
      <if test="status != null" >
        status,
      </if>
      <if test="updateTime != null" >
        update_time,
      </if>
    </trim>
    <trim prefix="values (" suffix=")" suffixOverrides="," >
      <if test="id != null" >
        #{id,jdbcType=INTEGER},
      </if>
      <if test="activityPrizeName != null" >
        #{activityPrizeName,jdbcType=VARCHAR},
      </if>
      <if test="activityPrizeDesc != null" >
        #{activityPrizeDesc,jdbcType=VARCHAR},
      </if>
      <if test="activityPrizeWinningNumber != null" >
        #{activityPrizeWinningNumber,jdbcType=INTEGER},
      </if>
      <if test="activityId != null" >
        #{activityId,jdbcType=INTEGER},
      </if>
      <if test="prizeId != null" >
        #{prizeId,jdbcType=INTEGER},
      </if>
      <if test="status != null" >
        #{status,jdbcType=INTEGER},
      </if>
      <if test="updateTime != null" >
        #{updateTime,jdbcType=TIMESTAMP},
      </if>
    </trim>
  </insert>
  <select id="countByExample" parameterType="com.bilibili.admin.model.ActivityPrizeInfoExample" resultType="java.lang.Integer" >
    <!--
      WARNING - @mbggenerated
      This element is automatically generated by MyBatis Generator, do not modify.
      This element was generated on Thu Dec 27 14:05:56 CST 2018.
    -->
    select count(*) from activity_prize_info
    <if test="_parameter != null" >
      <include refid="Example_Where_Clause" />
    </if>
  </select>
  <update id="updateByExampleSelective" parameterType="map" >
    <!--
      WARNING - @mbggenerated
      This element is automatically generated by MyBatis Generator, do not modify.
      This element was generated on Thu Dec 27 14:05:56 CST 2018.
    -->
    update activity_prize_info
    <set >
      <if test="record.id != null" >
        id = #{record.id,jdbcType=INTEGER},
      </if>
      <if test="record.activityPrizeName != null" >
        activity_prize_name = #{record.activityPrizeName,jdbcType=VARCHAR},
      </if>
      <if test="record.activityPrizeDesc != null" >
        activity_prize_desc = #{record.activityPrizeDesc,jdbcType=VARCHAR},
      </if>
      <if test="record.activityPrizeWinningNumber != null" >
        activity_prize_winning_number = #{record.activityPrizeWinningNumber,jdbcType=INTEGER},
      </if>
      <if test="record.activityId != null" >
        activity_id = #{record.activityId,jdbcType=INTEGER},
      </if>
      <if test="record.prizeId != null" >
        prize_id = #{record.prizeId,jdbcType=INTEGER},
      </if>
      <if test="record.status != null" >
        status = #{record.status,jdbcType=INTEGER},
      </if>
      <if test="record.updateTime != null" >
        update_time = #{record.updateTime,jdbcType=TIMESTAMP},
      </if>
    </set>
    <if test="_parameter != null" >
      <include refid="Update_By_Example_Where_Clause" />
    </if>
  </update>
  <update id="updateByExample" parameterType="map" >
    <!--
      WARNING - @mbggenerated
      This element is automatically generated by MyBatis Generator, do not modify.
      This element was generated on Thu Dec 27 14:05:56 CST 2018.
    -->
    update activity_prize_info
    set id = #{record.id,jdbcType=INTEGER},
      activity_prize_name = #{record.activityPrizeName,jdbcType=VARCHAR},
      activity_prize_desc = #{record.activityPrizeDesc,jdbcType=VARCHAR},
      activity_prize_winning_number = #{record.activityPrizeWinningNumber,jdbcType=INTEGER},
      activity_id = #{record.activityId,jdbcType=INTEGER},
      prize_id = #{record.prizeId,jdbcType=INTEGER},
      status = #{record.status,jdbcType=INTEGER},
      update_time = #{record.updateTime,jdbcType=TIMESTAMP}
    <if test="_parameter != null" >
      <include refid="Update_By_Example_Where_Clause" />
    </if>
  </update>
  <update id="updateByPrimaryKeySelective" parameterType="com.bilibili.admin.model.ActivityPrizeInfo" >
    <!--
      WARNING - @mbggenerated
      This element is automatically generated by MyBatis Generator, do not modify.
      This element was generated on Thu Dec 27 14:05:56 CST 2018.
    -->
    update activity_prize_info
    <set >
      <if test="activityPrizeName != null" >
        activity_prize_name = #{activityPrizeName,jdbcType=VARCHAR},
      </if>
      <if test="activityPrizeDesc != null" >
        activity_prize_desc = #{activityPrizeDesc,jdbcType=VARCHAR},
      </if>
      <if test="activityPrizeWinningNumber != null" >
        activity_prize_winning_number = #{activityPrizeWinningNumber,jdbcType=INTEGER},
      </if>
      <if test="activityId != null" >
        activity_id = #{activityId,jdbcType=INTEGER},
      </if>
      <if test="prizeId != null" >
        prize_id = #{prizeId,jdbcType=INTEGER},
      </if>
      <if test="status != null" >
        status = #{status,jdbcType=INTEGER},
      </if>
      <if test="updateTime != null" >
        update_time = #{updateTime,jdbcType=TIMESTAMP},
      </if>
    </set>
    where id = #{id,jdbcType=INTEGER}
  </update>
  <update id="updateByPrimaryKey" parameterType="com.bilibili.admin.model.ActivityPrizeInfo" >
    <!--
      WARNING - @mbggenerated
      This element is automatically generated by MyBatis Generator, do not modify.
      This element was generated on Thu Dec 27 14:05:56 CST 2018.
    -->
    update activity_prize_info
    set activity_prize_name = #{activityPrizeName,jdbcType=VARCHAR},
      activity_prize_desc = #{activityPrizeDesc,jdbcType=VARCHAR},
      activity_prize_winning_number = #{activityPrizeWinningNumber,jdbcType=INTEGER},
      activity_id = #{activityId,jdbcType=INTEGER},
      prize_id = #{prizeId,jdbcType=INTEGER},
      status = #{status,jdbcType=INTEGER},
      update_time = #{updateTime,jdbcType=TIMESTAMP}
    where id = #{id,jdbcType=INTEGER}
  </update>
</mapper>