<?xml version="1.0" encoding="UTF-8"?>
<!DOCTYPE mapper PUBLIC "-//mybatis.org//DTD Mapper 3.0//EN" "http://mybatis.org/dtd/mybatis-3-mapper.dtd">
<mapper namespace="com.bilibili.admin.mapper.ActivityExtTimeIntervalMapper">
  <resultMap id="BaseResultMap" type="com.bilibili.admin.model.ActivityExtTimeInterval">
    <!--
      WARNING - @mbggenerated
      This element is automatically generated by MyBatis Generator, do not modify.
      This element was generated on Wed Jan 02 13:53:32 CST 2019.
    -->
    <id column="id" jdbcType="INTEGER" property="id" />
    <result column="s" jdbcType="INTEGER" property="s" />
    <result column="t" jdbcType="INTEGER" property="t" />
    <result column="p_id" jdbcType="INTEGER" property="pId" />
    <result column="timer_id" jdbcType="INTEGER" property="timerId" />
  </resultMap>
  <sql id="Example_Where_Clause">
    <!--
      WARNING - @mbggenerated
      This element is automatically generated by MyBatis Generator, do not modify.
      This element was generated on Wed Jan 02 13:53:32 CST 2019.
    -->
    <where>
      <foreach collection="oredCriteria" item="criteria" separator="or">
        <if test="criteria.valid">
          <trim prefix="(" prefixOverrides="and" suffix=")">
            <foreach collection="criteria.criteria" item="criterion">
              <choose>
                <when test="criterion.noValue">
                  and ${criterion.condition}
                </when>
                <when test="criterion.singleValue">
                  and ${criterion.condition} #{criterion.value}
                </when>
                <when test="criterion.betweenValue">
                  and ${criterion.condition} #{criterion.value} and #{criterion.secondValue}
                </when>
                <when test="criterion.listValue">
                  and ${criterion.condition}
                  <foreach close=")" collection="criterion.value" item="listItem" open="(" separator=",">
                    #{listItem}
                  </foreach>
                </when>
              </choose>
            </foreach>
          </trim>
        </if>
      </foreach>
    </where>
  </sql>
  <sql id="Update_By_Example_Where_Clause">
    <!--
      WARNING - @mbggenerated
      This element is automatically generated by MyBatis Generator, do not modify.
      This element was generated on Wed Jan 02 13:53:32 CST 2019.
    -->
    <where>
      <foreach collection="example.oredCriteria" item="criteria" separator="or">
        <if test="criteria.valid">
          <trim prefix="(" prefixOverrides="and" suffix=")">
            <foreach collection="criteria.criteria" item="criterion">
              <choose>
                <when test="criterion.noValue">
                  and ${criterion.condition}
                </when>
                <when test="criterion.singleValue">
                  and ${criterion.condition} #{criterion.value}
                </when>
                <when test="criterion.betweenValue">
                  and ${criterion.condition} #{criterion.value} and #{criterion.secondValue}
                </when>
                <when test="criterion.listValue">
                  and ${criterion.condition}
                  <foreach close=")" collection="criterion.value" item="listItem" open="(" separator=",">
                    #{listItem}
                  </foreach>
                </when>
              </choose>
            </foreach>
          </trim>
        </if>
      </foreach>
    </where>
  </sql>
  <sql id="Base_Column_List">
    <!--
      WARNING - @mbggenerated
      This element is automatically generated by MyBatis Generator, do not modify.
      This element was generated on Wed Jan 02 13:53:32 CST 2019.
    -->
    id, s, t, p_id, timer_id
  </sql>
  <select id="selectByExample" parameterType="com.bilibili.admin.model.ActivityExtTimeIntervalExample" resultMap="BaseResultMap">
    <!--
      WARNING - @mbggenerated
      This element is automatically generated by MyBatis Generator, do not modify.
      This element was generated on Wed Jan 02 13:53:32 CST 2019.
    -->
    select
    <if test="distinct">
      distinct
    </if>
    'true' as QUERYID,
    <include refid="Base_Column_List" />
    from activity_ext_time_interval
    <if test="_parameter != null">
      <include refid="Example_Where_Clause" />
    </if>
    <if test="orderByClause != null">
      order by ${orderByClause}
    </if>
  </select>
  <select id="selectByPrimaryKey" parameterType="java.lang.Integer" resultMap="BaseResultMap">
    <!--
      WARNING - @mbggenerated
      This element is automatically generated by MyBatis Generator, do not modify.
      This element was generated on Wed Jan 02 13:53:32 CST 2019.
    -->
    select 
    <include refid="Base_Column_List" />
    from activity_ext_time_interval
    where id = #{id,jdbcType=INTEGER}
  </select>
  <delete id="deleteByPrimaryKey" parameterType="java.lang.Integer">
    <!--
      WARNING - @mbggenerated
      This element is automatically generated by MyBatis Generator, do not modify.
      This element was generated on Wed Jan 02 13:53:32 CST 2019.
    -->
    delete from activity_ext_time_interval
    where id = #{id,jdbcType=INTEGER}
  </delete>
  <delete id="deleteByExample" parameterType="com.bilibili.admin.model.ActivityExtTimeIntervalExample">
    <!--
      WARNING - @mbggenerated
      This element is automatically generated by MyBatis Generator, do not modify.
      This element was generated on Wed Jan 02 13:53:32 CST 2019.
    -->
    delete from activity_ext_time_interval
    <if test="_parameter != null">
      <include refid="Example_Where_Clause" />
    </if>
  </delete>
  <insert id="insert" parameterType="com.bilibili.admin.model.ActivityExtTimeInterval">
    <!--
      WARNING - @mbggenerated
      This element is automatically generated by MyBatis Generator, do not modify.
      This element was generated on Wed Jan 02 13:53:32 CST 2019.
    -->
    insert into activity_ext_time_interval (id, s, t, p_id, 
      timer_id)
    values (#{id,jdbcType=INTEGER}, #{s,jdbcType=INTEGER}, #{t,jdbcType=INTEGER}, #{pId,jdbcType=INTEGER}, 
      #{timerId,jdbcType=INTEGER})
  </insert>
  <insert id="insertSelective" parameterType="com.bilibili.admin.model.ActivityExtTimeInterval">
    <!--
      WARNING - @mbggenerated
      This element is automatically generated by MyBatis Generator, do not modify.
      This element was generated on Wed Jan 02 13:53:32 CST 2019.
    -->
    insert into activity_ext_time_interval
    <trim prefix="(" suffix=")" suffixOverrides=",">
      <if test="id != null">
        id,
      </if>
      <if test="s != null">
        s,
      </if>
      <if test="t != null">
        t,
      </if>
      <if test="pId != null">
        p_id,
      </if>
      <if test="timerId != null">
        timer_id,
      </if>
    </trim>
    <trim prefix="values (" suffix=")" suffixOverrides=",">
      <if test="id != null">
        #{id,jdbcType=INTEGER},
      </if>
      <if test="s != null">
        #{s,jdbcType=INTEGER},
      </if>
      <if test="t != null">
        #{t,jdbcType=INTEGER},
      </if>
      <if test="pId != null">
        #{pId,jdbcType=INTEGER},
      </if>
      <if test="timerId != null">
        #{timerId,jdbcType=INTEGER},
      </if>
    </trim>
  </insert>
  <select id="countByExample" parameterType="com.bilibili.admin.model.ActivityExtTimeIntervalExample" resultType="java.lang.Integer">
    <!--
      WARNING - @mbggenerated
      This element is automatically generated by MyBatis Generator, do not modify.
      This element was generated on Wed Jan 02 13:53:32 CST 2019.
    -->
    select count(*) from activity_ext_time_interval
    <if test="_parameter != null">
      <include refid="Example_Where_Clause" />
    </if>
  </select>
  <update id="updateByExampleSelective" parameterType="map">
    <!--
      WARNING - @mbggenerated
      This element is automatically generated by MyBatis Generator, do not modify.
      This element was generated on Wed Jan 02 13:53:32 CST 2019.
    -->
    update activity_ext_time_interval
    <set>
      <if test="record.id != null">
        id = #{record.id,jdbcType=INTEGER},
      </if>
      <if test="record.s != null">
        s = #{record.s,jdbcType=INTEGER},
      </if>
      <if test="record.t != null">
        t = #{record.t,jdbcType=INTEGER},
      </if>
      <if test="record.pId != null">
        p_id = #{record.pId,jdbcType=INTEGER},
      </if>
      <if test="record.timerId != null">
        timer_id = #{record.timerId,jdbcType=INTEGER},
      </if>
    </set>
    <if test="_parameter != null">
      <include refid="Update_By_Example_Where_Clause" />
    </if>
  </update>
  <update id="updateByExample" parameterType="map">
    <!--
      WARNING - @mbggenerated
      This element is automatically generated by MyBatis Generator, do not modify.
      This element was generated on Wed Jan 02 13:53:32 CST 2019.
    -->
    update activity_ext_time_interval
    set id = #{record.id,jdbcType=INTEGER},
      s = #{record.s,jdbcType=INTEGER},
      t = #{record.t,jdbcType=INTEGER},
      p_id = #{record.pId,jdbcType=INTEGER},
      timer_id = #{record.timerId,jdbcType=INTEGER}
    <if test="_parameter != null">
      <include refid="Update_By_Example_Where_Clause" />
    </if>
  </update>
  <update id="updateByPrimaryKeySelective" parameterType="com.bilibili.admin.model.ActivityExtTimeInterval">
    <!--
      WARNING - @mbggenerated
      This element is automatically generated by MyBatis Generator, do not modify.
      This element was generated on Wed Jan 02 13:53:32 CST 2019.
    -->
    update activity_ext_time_interval
    <set>
      <if test="s != null">
        s = #{s,jdbcType=INTEGER},
      </if>
      <if test="t != null">
        t = #{t,jdbcType=INTEGER},
      </if>
      <if test="pId != null">
        p_id = #{pId,jdbcType=INTEGER},
      </if>
      <if test="timerId != null">
        timer_id = #{timerId,jdbcType=INTEGER},
      </if>
    </set>
    where id = #{id,jdbcType=INTEGER}
  </update>
  <update id="updateByPrimaryKey" parameterType="com.bilibili.admin.model.ActivityExtTimeInterval">
    <!--
      WARNING - @mbggenerated
      This element is automatically generated by MyBatis Generator, do not modify.
      This element was generated on Wed Jan 02 13:53:32 CST 2019.
    -->
    update activity_ext_time_interval
    set s = #{s,jdbcType=INTEGER},
      t = #{t,jdbcType=INTEGER},
      p_id = #{pId,jdbcType=INTEGER},
      timer_id = #{timerId,jdbcType=INTEGER}
    where id = #{id,jdbcType=INTEGER}
  </update>
</mapper>