<?xml version="1.0" encoding="UTF-8"?>
<!DOCTYPE mapper PUBLIC "-//mybatis.org//DTD Mapper 3.0//EN" "http://mybatis.org/dtd/mybatis-3-mapper.dtd">
<mapper namespace="com.bilibili.admin.mapper.ActivityLuckyDogInfoMapper">
  <resultMap id="BaseResultMap" type="com.bilibili.admin.model.ActivityLuckyDogInfo">
    <!--
      WARNING - @mbggenerated
      This element is automatically generated by MyBatis Generator, do not modify.
      This element was generated on Thu Dec 27 13:35:29 CST 2018.
    -->
    <id column="id" jdbcType="INTEGER" property="id" />
    <result column="activity_id" jdbcType="INTEGER" property="activityId" />
    <result column="activity_name" jdbcType="VARCHAR" property="activityName" />
    <result column="activity_type" jdbcType="INTEGER" property="activityType" />
    <result column="activity_prize_id" jdbcType="INTEGER" property="activityPrizeId" />
    <result column="user_id" jdbcType="INTEGER" property="userId" />
    <result column="user_name" jdbcType="VARCHAR" property="userName" />
    <result column="user_department_id" jdbcType="INTEGER" property="userDepartmentId" />
    <result column="user_department_name" jdbcType="VARCHAR" property="userDepartmentName" />
    <result column="winning_time" jdbcType="TIMESTAMP" property="winningTime" />
    <result column="receive_flag" jdbcType="INTEGER" property="receiveFlag" />
    <result column="receive_time" jdbcType="TIMESTAMP" property="receiveTime" />
    <result column="status" jdbcType="INTEGER" property="status" />
    <result column="prize_id" jdbcType="INTEGER" property="prizeId" />
    <result column="prize_name" jdbcType="VARCHAR" property="prizeName" />
  </resultMap>
  <sql id="Example_Where_Clause">
    <!--
      WARNING - @mbggenerated
      This element is automatically generated by MyBatis Generator, do not modify.
      This element was generated on Thu Dec 27 13:35:30 CST 2018.
    -->
    <where>
      <foreach collection="oredCriteria" item="criteria" separator="or">
        <if test="criteria.valid">
          <trim prefix="(" prefixOverrides="and" suffix=")">
            <foreach collection="criteria.criteria" item="criterion">
              <choose>
                <when test="criterion.noValue">
                  and ${criterion.condition}
                </when>
                <when test="criterion.singleValue">
                  and ${criterion.condition} #{criterion.value}
                </when>
                <when test="criterion.betweenValue">
                  and ${criterion.condition} #{criterion.value} and #{criterion.secondValue}
                </when>
                <when test="criterion.listValue">
                  and ${criterion.condition}
                  <foreach close=")" collection="criterion.value" item="listItem" open="(" separator=",">
                    #{listItem}
                  </foreach>
                </when>
              </choose>
            </foreach>
          </trim>
        </if>
      </foreach>
    </where>
  </sql>
  <sql id="Update_By_Example_Where_Clause">
    <!--
      WARNING - @mbggenerated
      This element is automatically generated by MyBatis Generator, do not modify.
      This element was generated on Thu Dec 27 13:35:30 CST 2018.
    -->
    <where>
      <foreach collection="example.oredCriteria" item="criteria" separator="or">
        <if test="criteria.valid">
          <trim prefix="(" prefixOverrides="and" suffix=")">
            <foreach collection="criteria.criteria" item="criterion">
              <choose>
                <when test="criterion.noValue">
                  and ${criterion.condition}
                </when>
                <when test="criterion.singleValue">
                  and ${criterion.condition} #{criterion.value}
                </when>
                <when test="criterion.betweenValue">
                  and ${criterion.condition} #{criterion.value} and #{criterion.secondValue}
                </when>
                <when test="criterion.listValue">
                  and ${criterion.condition}
                  <foreach close=")" collection="criterion.value" item="listItem" open="(" separator=",">
                    #{listItem}
                  </foreach>
                </when>
              </choose>
            </foreach>
          </trim>
        </if>
      </foreach>
    </where>
  </sql>
  <sql id="Base_Column_List">
    <!--
      WARNING - @mbggenerated
      This element is automatically generated by MyBatis Generator, do not modify.
      This element was generated on Thu Dec 27 13:35:30 CST 2018.
    -->
    id, activity_id, activity_name, activity_type, activity_prize_id, user_id, user_name, 
    user_department_id, user_department_name, winning_time, receive_flag, receive_time, 
    status, prize_id, prize_name
  </sql>
  <select id="selectByExample" parameterType="com.bilibili.admin.model.ActivityLuckyDogInfoExample" resultMap="BaseResultMap">
    <!--
      WARNING - @mbggenerated
      This element is automatically generated by MyBatis Generator, do not modify.
      This element was generated on Thu Dec 27 13:35:30 CST 2018.
    -->
    select
    <if test="distinct">
      distinct
    </if>
    'true' as QUERYID,
    <include refid="Base_Column_List" />
    from activity_lucky_dog_info
    <if test="_parameter != null">
      <include refid="Example_Where_Clause" />
    </if>
    <if test="orderByClause != null">
      order by ${orderByClause}
    </if>
  </select>
  <select id="selectByPrimaryKey" parameterType="java.lang.Integer" resultMap="BaseResultMap">
    <!--
      WARNING - @mbggenerated
      This element is automatically generated by MyBatis Generator, do not modify.
      This element was generated on Thu Dec 27 13:35:30 CST 2018.
    -->
    select 
    <include refid="Base_Column_List" />
    from activity_lucky_dog_info
    where id = #{id,jdbcType=INTEGER}
  </select>
  <delete id="deleteByPrimaryKey" parameterType="java.lang.Integer">
    <!--
      WARNING - @mbggenerated
      This element is automatically generated by MyBatis Generator, do not modify.
      This element was generated on Thu Dec 27 13:35:30 CST 2018.
    -->
    delete from activity_lucky_dog_info
    where id = #{id,jdbcType=INTEGER}
  </delete>
  <delete id="deleteByExample" parameterType="com.bilibili.admin.model.ActivityLuckyDogInfoExample">
    <!--
      WARNING - @mbggenerated
      This element is automatically generated by MyBatis Generator, do not modify.
      This element was generated on Thu Dec 27 13:35:30 CST 2018.
    -->
    delete from activity_lucky_dog_info
    <if test="_parameter != null">
      <include refid="Example_Where_Clause" />
    </if>
  </delete>
  <insert id="insert" parameterType="com.bilibili.admin.model.ActivityLuckyDogInfo">
    <!--
      WARNING - @mbggenerated
      This element is automatically generated by MyBatis Generator, do not modify.
      This element was generated on Thu Dec 27 13:35:30 CST 2018.
    -->
    insert into activity_lucky_dog_info (id, activity_id, activity_name, 
      activity_type, activity_prize_id, user_id, 
      user_name, user_department_id, user_department_name, 
      winning_time, receive_flag, receive_time, 
      status, prize_id, prize_name
      )
    values (#{id,jdbcType=INTEGER}, #{activityId,jdbcType=INTEGER}, #{activityName,jdbcType=VARCHAR}, 
      #{activityType,jdbcType=INTEGER}, #{activityPrizeId,jdbcType=INTEGER}, #{userId,jdbcType=INTEGER}, 
      #{userName,jdbcType=VARCHAR}, #{userDepartmentId,jdbcType=INTEGER}, #{userDepartmentName,jdbcType=VARCHAR}, 
      #{winningTime,jdbcType=TIMESTAMP}, #{receiveFlag,jdbcType=INTEGER}, #{receiveTime,jdbcType=TIMESTAMP}, 
      #{status,jdbcType=INTEGER}, #{prizeId,jdbcType=INTEGER}, #{prizeName,jdbcType=VARCHAR}
      )
  </insert>
  <insert id="insertSelective" parameterType="com.bilibili.admin.model.ActivityLuckyDogInfo">
    <!--
      WARNING - @mbggenerated
      This element is automatically generated by MyBatis Generator, do not modify.
      This element was generated on Thu Dec 27 13:35:30 CST 2018.
    -->
    insert into activity_lucky_dog_info
    <trim prefix="(" suffix=")" suffixOverrides=",">
      <if test="id != null">
        id,
      </if>
      <if test="activityId != null">
        activity_id,
      </if>
      <if test="activityName != null">
        activity_name,
      </if>
      <if test="activityType != null">
        activity_type,
      </if>
      <if test="activityPrizeId != null">
        activity_prize_id,
      </if>
      <if test="userId != null">
        user_id,
      </if>
      <if test="userName != null">
        user_name,
      </if>
      <if test="userDepartmentId != null">
        user_department_id,
      </if>
      <if test="userDepartmentName != null">
        user_department_name,
      </if>
      <if test="winningTime != null">
        winning_time,
      </if>
      <if test="receiveFlag != null">
        receive_flag,
      </if>
      <if test="receiveTime != null">
        receive_time,
      </if>
      <if test="status != null">
        status,
      </if>
      <if test="prizeId != null">
        prize_id,
      </if>
      <if test="prizeName != null">
        prize_name,
      </if>
    </trim>
    <trim prefix="values (" suffix=")" suffixOverrides=",">
      <if test="id != null">
        #{id,jdbcType=INTEGER},
      </if>
      <if test="activityId != null">
        #{activityId,jdbcType=INTEGER},
      </if>
      <if test="activityName != null">
        #{activityName,jdbcType=VARCHAR},
      </if>
      <if test="activityType != null">
        #{activityType,jdbcType=INTEGER},
      </if>
      <if test="activityPrizeId != null">
        #{activityPrizeId,jdbcType=INTEGER},
      </if>
      <if test="userId != null">
        #{userId,jdbcType=INTEGER},
      </if>
      <if test="userName != null">
        #{userName,jdbcType=VARCHAR},
      </if>
      <if test="userDepartmentId != null">
        #{userDepartmentId,jdbcType=INTEGER},
      </if>
      <if test="userDepartmentName != null">
        #{userDepartmentName,jdbcType=VARCHAR},
      </if>
      <if test="winningTime != null">
        #{winningTime,jdbcType=TIMESTAMP},
      </if>
      <if test="receiveFlag != null">
        #{receiveFlag,jdbcType=INTEGER},
      </if>
      <if test="receiveTime != null">
        #{receiveTime,jdbcType=TIMESTAMP},
      </if>
      <if test="status != null">
        #{status,jdbcType=INTEGER},
      </if>
      <if test="prizeId != null">
        #{prizeId,jdbcType=INTEGER},
      </if>
      <if test="prizeName != null">
        #{prizeName,jdbcType=VARCHAR},
      </if>
    </trim>
  </insert>
  <select id="countByExample" parameterType="com.bilibili.admin.model.ActivityLuckyDogInfoExample" resultType="java.lang.Integer">
    <!--
      WARNING - @mbggenerated
      This element is automatically generated by MyBatis Generator, do not modify.
      This element was generated on Thu Dec 27 13:35:30 CST 2018.
    -->
    select count(*) from activity_lucky_dog_info
    <if test="_parameter != null">
      <include refid="Example_Where_Clause" />
    </if>
  </select>
  <update id="updateByExampleSelective" parameterType="map">
    <!--
      WARNING - @mbggenerated
      This element is automatically generated by MyBatis Generator, do not modify.
      This element was generated on Thu Dec 27 13:35:30 CST 2018.
    -->
    update activity_lucky_dog_info
    <set>
      <if test="record.id != null">
        id = #{record.id,jdbcType=INTEGER},
      </if>
      <if test="record.activityId != null">
        activity_id = #{record.activityId,jdbcType=INTEGER},
      </if>
      <if test="record.activityName != null">
        activity_name = #{record.activityName,jdbcType=VARCHAR},
      </if>
      <if test="record.activityType != null">
        activity_type = #{record.activityType,jdbcType=INTEGER},
      </if>
      <if test="record.activityPrizeId != null">
        activity_prize_id = #{record.activityPrizeId,jdbcType=INTEGER},
      </if>
      <if test="record.userId != null">
        user_id = #{record.userId,jdbcType=INTEGER},
      </if>
      <if test="record.userName != null">
        user_name = #{record.userName,jdbcType=VARCHAR},
      </if>
      <if test="record.userDepartmentId != null">
        user_department_id = #{record.userDepartmentId,jdbcType=INTEGER},
      </if>
      <if test="record.userDepartmentName != null">
        user_department_name = #{record.userDepartmentName,jdbcType=VARCHAR},
      </if>
      <if test="record.winningTime != null">
        winning_time = #{record.winningTime,jdbcType=TIMESTAMP},
      </if>
      <if test="record.receiveFlag != null">
        receive_flag = #{record.receiveFlag,jdbcType=INTEGER},
      </if>
      <if test="record.receiveTime != null">
        receive_time = #{record.receiveTime,jdbcType=TIMESTAMP},
      </if>
      <if test="record.status != null">
        status = #{record.status,jdbcType=INTEGER},
      </if>
      <if test="record.prizeId != null">
        prize_id = #{record.prizeId,jdbcType=INTEGER},
      </if>
      <if test="record.prizeName != null">
        prize_name = #{record.prizeName,jdbcType=VARCHAR},
      </if>
    </set>
    <if test="_parameter != null">
      <include refid="Update_By_Example_Where_Clause" />
    </if>
  </update>
  <update id="updateByExample" parameterType="map">
    <!--
      WARNING - @mbggenerated
      This element is automatically generated by MyBatis Generator, do not modify.
      This element was generated on Thu Dec 27 13:35:30 CST 2018.
    -->
    update activity_lucky_dog_info
    set id = #{record.id,jdbcType=INTEGER},
      activity_id = #{record.activityId,jdbcType=INTEGER},
      activity_name = #{record.activityName,jdbcType=VARCHAR},
      activity_type = #{record.activityType,jdbcType=INTEGER},
      activity_prize_id = #{record.activityPrizeId,jdbcType=INTEGER},
      user_id = #{record.userId,jdbcType=INTEGER},
      user_name = #{record.userName,jdbcType=VARCHAR},
      user_department_id = #{record.userDepartmentId,jdbcType=INTEGER},
      user_department_name = #{record.userDepartmentName,jdbcType=VARCHAR},
      winning_time = #{record.winningTime,jdbcType=TIMESTAMP},
      receive_flag = #{record.receiveFlag,jdbcType=INTEGER},
      receive_time = #{record.receiveTime,jdbcType=TIMESTAMP},
      status = #{record.status,jdbcType=INTEGER},
      prize_id = #{record.prizeId,jdbcType=INTEGER},
      prize_name = #{record.prizeName,jdbcType=VARCHAR}
    <if test="_parameter != null">
      <include refid="Update_By_Example_Where_Clause" />
    </if>
  </update>
  <update id="updateByPrimaryKeySelective" parameterType="com.bilibili.admin.model.ActivityLuckyDogInfo">
    <!--
      WARNING - @mbggenerated
      This element is automatically generated by MyBatis Generator, do not modify.
      This element was generated on Thu Dec 27 13:35:30 CST 2018.
    -->
    update activity_lucky_dog_info
    <set>
      <if test="activityId != null">
        activity_id = #{activityId,jdbcType=INTEGER},
      </if>
      <if test="activityName != null">
        activity_name = #{activityName,jdbcType=VARCHAR},
      </if>
      <if test="activityType != null">
        activity_type = #{activityType,jdbcType=INTEGER},
      </if>
      <if test="activityPrizeId != null">
        activity_prize_id = #{activityPrizeId,jdbcType=INTEGER},
      </if>
      <if test="userId != null">
        user_id = #{userId,jdbcType=INTEGER},
      </if>
      <if test="userName != null">
        user_name = #{userName,jdbcType=VARCHAR},
      </if>
      <if test="userDepartmentId != null">
        user_department_id = #{userDepartmentId,jdbcType=INTEGER},
      </if>
      <if test="userDepartmentName != null">
        user_department_name = #{userDepartmentName,jdbcType=VARCHAR},
      </if>
      <if test="winningTime != null">
        winning_time = #{winningTime,jdbcType=TIMESTAMP},
      </if>
      <if test="receiveFlag != null">
        receive_flag = #{receiveFlag,jdbcType=INTEGER},
      </if>
      <if test="receiveTime != null">
        receive_time = #{receiveTime,jdbcType=TIMESTAMP},
      </if>
      <if test="status != null">
        status = #{status,jdbcType=INTEGER},
      </if>
      <if test="prizeId != null">
        prize_id = #{prizeId,jdbcType=INTEGER},
      </if>
      <if test="prizeName != null">
        prize_name = #{prizeName,jdbcType=VARCHAR},
      </if>
    </set>
    where id = #{id,jdbcType=INTEGER}
  </update>
  <update id="updateByPrimaryKey" parameterType="com.bilibili.admin.model.ActivityLuckyDogInfo">
    <!--
      WARNING - @mbggenerated
      This element is automatically generated by MyBatis Generator, do not modify.
      This element was generated on Thu Dec 27 13:35:30 CST 2018.
    -->
    update activity_lucky_dog_info
    set activity_id = #{activityId,jdbcType=INTEGER},
      activity_name = #{activityName,jdbcType=VARCHAR},
      activity_type = #{activityType,jdbcType=INTEGER},
      activity_prize_id = #{activityPrizeId,jdbcType=INTEGER},
      user_id = #{userId,jdbcType=INTEGER},
      user_name = #{userName,jdbcType=VARCHAR},
      user_department_id = #{userDepartmentId,jdbcType=INTEGER},
      user_department_name = #{userDepartmentName,jdbcType=VARCHAR},
      winning_time = #{winningTime,jdbcType=TIMESTAMP},
      receive_flag = #{receiveFlag,jdbcType=INTEGER},
      receive_time = #{receiveTime,jdbcType=TIMESTAMP},
      status = #{status,jdbcType=INTEGER},
      prize_id = #{prizeId,jdbcType=INTEGER},
      prize_name = #{prizeName,jdbcType=VARCHAR}
    where id = #{id,jdbcType=INTEGER}
  </update>
</mapper>