<?xml version="1.0" encoding="UTF-8"?>
<!DOCTYPE mapper PUBLIC "-//mybatis.org//DTD Mapper 3.0//EN" "http://mybatis.org/dtd/mybatis-3-mapper.dtd">
<mapper namespace="com.bilibili.admin.mapper.ParkInfoMapper">
  <resultMap id="BaseResultMap" type="com.bilibili.admin.model.ParkInfo">
    <id column="id" jdbcType="BIGINT" property="id" />
    <result column="park_name" jdbcType="VARCHAR" property="parkName" />
    <result column="park_score" jdbcType="INTEGER" property="parkScore" />
    <result column="create_time" jdbcType="TIMESTAMP" property="createTime" />
    <result column="update_time" jdbcType="TIMESTAMP" property="updateTime" />
  </resultMap>
  <sql id="Base_Column_List">
    id, park_name, park_score, create_time, update_time
  </sql>
  <select id="selectByPrimaryKey" parameterType="java.lang.Long" resultMap="BaseResultMap">
    select 
    <include refid="Base_Column_List" />
    from park_info
    where id = #{id,jdbcType=BIGINT}
  </select>
  <delete id="deleteByPrimaryKey" parameterType="java.lang.Long">
    delete from park_info
    where id = #{id,jdbcType=BIGINT}
  </delete>
  <insert id="insert" parameterType="com.bilibili.admin.model.ParkInfo">
    insert into park_info (id, park_name, park_score)
    values (#{id,jdbcType=BIGINT}, #{parkName,jdbcType=VARCHAR}, #{parkScore,jdbcType=INTEGER})
  </insert>
  <insert id="insertSelective" parameterType="com.bilibili.admin.model.ParkInfo">
    insert into park_info
    <trim prefix="(" suffix=")" suffixOverrides=",">
      <if test="id != null">
        id,
      </if>
      <if test="parkName != null">
        park_name,
      </if>
      <if test="parkScore != null">
        park_score,
      </if>
      <if test="createTime != null">
        create_time,
      </if>
      <if test="updateTime != null">
        update_time,
      </if>
    </trim>
    <trim prefix="values (" suffix=")" suffixOverrides=",">
      <if test="id != null">
        #{id,jdbcType=BIGINT},
      </if>
      <if test="parkName != null">
        #{parkName,jdbcType=VARCHAR},
      </if>
      <if test="parkScore != null">
        #{parkScore,jdbcType=INTEGER},
      </if>
      <if test="createTime != null">
        #{createTime,jdbcType=TIMESTAMP},
      </if>
      <if test="updateTime != null">
        #{updateTime,jdbcType=TIMESTAMP},
      </if>
    </trim>
  </insert>
  <update id="updateByPrimaryKeySelective" parameterType="com.bilibili.admin.model.ParkInfo">
    update park_info
    <set>
      <if test="parkName != null">
        park_name = #{parkName,jdbcType=VARCHAR},
      </if>
      <if test="parkScore != null">
        park_score = #{parkScore,jdbcType=INTEGER},
      </if>
      <if test="createTime != null">
        create_time = #{createTime,jdbcType=TIMESTAMP},
      </if>
      <if test="updateTime != null">
        update_time = #{updateTime,jdbcType=TIMESTAMP},
      </if>
    </set>
    where id = #{id,jdbcType=BIGINT}
  </update>
  <update id="updateByPrimaryKey" parameterType="com.bilibili.admin.model.ParkInfo">
    update park_info
    set park_name = #{parkName,jdbcType=VARCHAR},
      park_score = #{parkScore,jdbcType=INTEGER}
    where id = #{id,jdbcType=BIGINT}
  </update>

  <select id="findAllParkInfo" resultMap="BaseResultMap">
    select
    <include refid="Base_Column_List" />
    from park_info
  </select>

</mapper>