<?xml version="1.0" encoding="UTF-8" ?>
<!DOCTYPE mapper PUBLIC "-//mybatis.org//DTD Mapper 3.0//EN" "http://mybatis.org/dtd/mybatis-3-mapper.dtd" >
<mapper namespace="com.bilibili.admin.mapper.PrizeInfoMapper" >
  <resultMap id="BaseResultMap" type="com.bilibili.admin.model.PrizeInfo" >
    <!--
      WARNING - @mbggenerated
      This element is automatically generated by MyBatis Generator, do not modify.
      This element was generated on Thu Dec 27 12:48:58 CST 2018.
    -->
    <id column="id" property="id" jdbcType="INTEGER" />
    <result column="prize_name" property="prizeName" jdbcType="VARCHAR" />
    <result column="prize_desc" property="prizeDesc" jdbcType="VARCHAR" />
    <result column="prize_icon" property="prizeIcon" jdbcType="VARCHAR" />
    <result column="prize_num" property="prizeNum" jdbcType="INTEGER" />
  </resultMap>
  <sql id="Example_Where_Clause" >
    <!--
      WARNING - @mbggenerated
      This element is automatically generated by MyBatis Generator, do not modify.
      This element was generated on Thu Dec 27 12:48:58 CST 2018.
    -->
    <where >
      <foreach collection="oredCriteria" item="criteria" separator="or" >
        <if test="criteria.valid" >
          <trim prefix="(" suffix=")" prefixOverrides="and" >
            <foreach collection="criteria.criteria" item="criterion" >
              <choose >
                <when test="criterion.noValue" >
                  and ${criterion.condition}
                </when>
                <when test="criterion.singleValue" >
                  and ${criterion.condition} #{criterion.value}
                </when>
                <when test="criterion.betweenValue" >
                  and ${criterion.condition} #{criterion.value} and #{criterion.secondValue}
                </when>
                <when test="criterion.listValue" >
                  and ${criterion.condition}
                  <foreach collection="criterion.value" item="listItem" open="(" close=")" separator="," >
                    #{listItem}
                  </foreach>
                </when>
              </choose>
            </foreach>
          </trim>
        </if>
      </foreach>
    </where>
  </sql>
  <sql id="Update_By_Example_Where_Clause" >
    <!--
      WARNING - @mbggenerated
      This element is automatically generated by MyBatis Generator, do not modify.
      This element was generated on Thu Dec 27 12:48:58 CST 2018.
    -->
    <where >
      <foreach collection="example.oredCriteria" item="criteria" separator="or" >
        <if test="criteria.valid" >
          <trim prefix="(" suffix=")" prefixOverrides="and" >
            <foreach collection="criteria.criteria" item="criterion" >
              <choose >
                <when test="criterion.noValue" >
                  and ${criterion.condition}
                </when>
                <when test="criterion.singleValue" >
                  and ${criterion.condition} #{criterion.value}
                </when>
                <when test="criterion.betweenValue" >
                  and ${criterion.condition} #{criterion.value} and #{criterion.secondValue}
                </when>
                <when test="criterion.listValue" >
                  and ${criterion.condition}
                  <foreach collection="criterion.value" item="listItem" open="(" close=")" separator="," >
                    #{listItem}
                  </foreach>
                </when>
              </choose>
            </foreach>
          </trim>
        </if>
      </foreach>
    </where>
  </sql>
  <sql id="Base_Column_List" >
    <!--
      WARNING - @mbggenerated
      This element is automatically generated by MyBatis Generator, do not modify.
      This element was generated on Thu Dec 27 12:48:58 CST 2018.
    -->
    id, prize_name, prize_desc, prize_icon, prize_num
  </sql>
  <select id="selectByExample" resultMap="BaseResultMap" parameterType="com.bilibili.admin.model.PrizeInfoExample" >
    <!--
      WARNING - @mbggenerated
      This element is automatically generated by MyBatis Generator, do not modify.
      This element was generated on Thu Dec 27 12:48:58 CST 2018.
    -->
    select
    <if test="distinct" >
      distinct
    </if>
    'true' as QUERYID,
    <include refid="Base_Column_List" />
    from prize_info
    <if test="_parameter != null" >
      <include refid="Example_Where_Clause" />
    </if>
    <if test="orderByClause != null" >
      order by ${orderByClause}
    </if>
  </select>
  <select id="selectByPrimaryKey" resultMap="BaseResultMap" parameterType="java.lang.Integer" >
    <!--
      WARNING - @mbggenerated
      This element is automatically generated by MyBatis Generator, do not modify.
      This element was generated on Thu Dec 27 12:48:58 CST 2018.
    -->
    select 
    <include refid="Base_Column_List" />
    from prize_info
    where id = #{id,jdbcType=INTEGER}
  </select>
  <delete id="deleteByPrimaryKey" parameterType="java.lang.Integer" >
    <!--
      WARNING - @mbggenerated
      This element is automatically generated by MyBatis Generator, do not modify.
      This element was generated on Thu Dec 27 12:48:58 CST 2018.
    -->
    delete from prize_info
    where id = #{id,jdbcType=INTEGER}
  </delete>
  <delete id="deleteByExample" parameterType="com.bilibili.admin.model.PrizeInfoExample" >
    <!--
      WARNING - @mbggenerated
      This element is automatically generated by MyBatis Generator, do not modify.
      This element was generated on Thu Dec 27 12:48:58 CST 2018.
    -->
    delete from prize_info
    <if test="_parameter != null" >
      <include refid="Example_Where_Clause" />
    </if>
  </delete>
  <insert id="insert" parameterType="com.bilibili.admin.model.PrizeInfo" >
    <!--
      WARNING - @mbggenerated
      This element is automatically generated by MyBatis Generator, do not modify.
      This element was generated on Thu Dec 27 12:48:58 CST 2018.
    -->
    insert into prize_info (id, prize_name, prize_desc, 
      prize_icon, prize_num)
    values (#{id,jdbcType=INTEGER}, #{prizeName,jdbcType=VARCHAR}, #{prizeDesc,jdbcType=VARCHAR}, 
      #{prizeIcon,jdbcType=VARCHAR}, #{prizeNum,jdbcType=INTEGER})
  </insert>
  <insert id="insertSelective" parameterType="com.bilibili.admin.model.PrizeInfo" >
    <!--
      WARNING - @mbggenerated
      This element is automatically generated by MyBatis Generator, do not modify.
      This element was generated on Thu Dec 27 12:48:58 CST 2018.
    -->
    insert into prize_info
    <trim prefix="(" suffix=")" suffixOverrides="," >
      <if test="id != null" >
        id,
      </if>
      <if test="prizeName != null" >
        prize_name,
      </if>
      <if test="prizeDesc != null" >
        prize_desc,
      </if>
      <if test="prizeIcon != null" >
        prize_icon,
      </if>
      <if test="prizeNum != null" >
        prize_num,
      </if>
    </trim>
    <trim prefix="values (" suffix=")" suffixOverrides="," >
      <if test="id != null" >
        #{id,jdbcType=INTEGER},
      </if>
      <if test="prizeName != null" >
        #{prizeName,jdbcType=VARCHAR},
      </if>
      <if test="prizeDesc != null" >
        #{prizeDesc,jdbcType=VARCHAR},
      </if>
      <if test="prizeIcon != null" >
        #{prizeIcon,jdbcType=VARCHAR},
      </if>
      <if test="prizeNum != null" >
        #{prizeNum,jdbcType=INTEGER},
      </if>
    </trim>
  </insert>
  <select id="countByExample" parameterType="com.bilibili.admin.model.PrizeInfoExample" resultType="java.lang.Integer" >
    <!--
      WARNING - @mbggenerated
      This element is automatically generated by MyBatis Generator, do not modify.
      This element was generated on Thu Dec 27 12:48:58 CST 2018.
    -->
    select count(*) from prize_info
    <if test="_parameter != null" >
      <include refid="Example_Where_Clause" />
    </if>
  </select>
  <update id="updateByExampleSelective" parameterType="map" >
    <!--
      WARNING - @mbggenerated
      This element is automatically generated by MyBatis Generator, do not modify.
      This element was generated on Thu Dec 27 12:48:58 CST 2018.
    -->
    update prize_info
    <set >
      <if test="record.id != null" >
        id = #{record.id,jdbcType=INTEGER},
      </if>
      <if test="record.prizeName != null" >
        prize_name = #{record.prizeName,jdbcType=VARCHAR},
      </if>
      <if test="record.prizeDesc != null" >
        prize_desc = #{record.prizeDesc,jdbcType=VARCHAR},
      </if>
      <if test="record.prizeIcon != null" >
        prize_icon = #{record.prizeIcon,jdbcType=VARCHAR},
      </if>
      <if test="record.prizeNum != null" >
        prize_num = #{record.prizeNum,jdbcType=INTEGER},
      </if>
    </set>
    <if test="_parameter != null" >
      <include refid="Update_By_Example_Where_Clause" />
    </if>
  </update>
  <update id="updateByExample" parameterType="map" >
    <!--
      WARNING - @mbggenerated
      This element is automatically generated by MyBatis Generator, do not modify.
      This element was generated on Thu Dec 27 12:48:58 CST 2018.
    -->
    update prize_info
    set id = #{record.id,jdbcType=INTEGER},
      prize_name = #{record.prizeName,jdbcType=VARCHAR},
      prize_desc = #{record.prizeDesc,jdbcType=VARCHAR},
      prize_icon = #{record.prizeIcon,jdbcType=VARCHAR},
      prize_num = #{record.prizeNum,jdbcType=INTEGER}
    <if test="_parameter != null" >
      <include refid="Update_By_Example_Where_Clause" />
    </if>
  </update>
  <update id="updateByPrimaryKeySelective" parameterType="com.bilibili.admin.model.PrizeInfo" >
    <!--
      WARNING - @mbggenerated
      This element is automatically generated by MyBatis Generator, do not modify.
      This element was generated on Thu Dec 27 12:48:58 CST 2018.
    -->
    update prize_info
    <set >
      <if test="prizeName != null" >
        prize_name = #{prizeName,jdbcType=VARCHAR},
      </if>
      <if test="prizeDesc != null" >
        prize_desc = #{prizeDesc,jdbcType=VARCHAR},
      </if>
      <if test="prizeIcon != null" >
        prize_icon = #{prizeIcon,jdbcType=VARCHAR},
      </if>
      <if test="prizeNum != null" >
        prize_num = #{prizeNum,jdbcType=INTEGER},
      </if>
    </set>
    where id = #{id,jdbcType=INTEGER}
  </update>
  <update id="updateByPrimaryKey" parameterType="com.bilibili.admin.model.PrizeInfo" >
    <!--
      WARNING - @mbggenerated
      This element is automatically generated by MyBatis Generator, do not modify.
      This element was generated on Thu Dec 27 12:48:58 CST 2018.
    -->
    update prize_info
    set prize_name = #{prizeName,jdbcType=VARCHAR},
      prize_desc = #{prizeDesc,jdbcType=VARCHAR},
      prize_icon = #{prizeIcon,jdbcType=VARCHAR},
      prize_num = #{prizeNum,jdbcType=INTEGER}
    where id = #{id,jdbcType=INTEGER}
  </update>
</mapper>