<?xml version="1.0" encoding="UTF-8" ?>
<!DOCTYPE mapper PUBLIC "-//mybatis.org//DTD Mapper 3.0//EN" "http://mybatis.org/dtd/mybatis-3-mapper.dtd" >
<mapper namespace="com.bilibili.admin.mapper.RoleMapper">
    <resultMap id="BaseResultMap" type="com.bilibili.admin.model.Role">
        <id column="id" property="id" jdbcType="VARCHAR"/>
        <result column="name" property="name" jdbcType="VARCHAR"/>
        <result column="remark" property="remark" jdbcType="VARCHAR"/>
        <result column="seq" property="seq" jdbcType="INTEGER"/>
        <result column="pid" property="pid" jdbcType="VARCHAR"/>
    </resultMap>
    <insert id="save" parameterType="com.bilibili.admin.model.Role">
        INSERT INTO role (ID, NAME, REMARK, SEQ, PID) VALUES (#{id}, #{name}, #{remark}, #{seq}, #{pid})
    </insert>
    <insert id="saveRoleResources">
        INSERT INTO role_resource (ROLE_ID, RESOURCE_ID) VALUES
            <foreach collection="resourceIds" item="item" separator=",">
                (#{id}, #{item})
            </foreach>
    </insert>
    <update id="update" parameterType="com.bilibili.admin.model.Role">
        UPDATE role
        SET NAME = #{name}, remark = #{remark}, seq = #{seq}, pid = #{pid}
        WHERE id = #{id}
    </update>
    <delete id="deleteById">
        DELETE FROM role WHERE ID = #{id}
    </delete>

    <delete id="deleteRoleResources">
        DELETE FROM role_resource WHERE ROLE_ID = #{id}
    </delete>

    <select id="getById" resultType="com.bilibili.admin.model.Role">
        SELECT
            r.*,
            (SELECT p.name
             FROM role p
             WHERE p.ID = r.pid) pname
        FROM role r
        WHERE r.ID = #{id}
    </select>
    <select id="getRoleList" resultType="com.bilibili.admin.model.Role">
        SELECT r.*,
            (SELECT p.name
            FROM role p
            WHERE p.ID = r.pid) pname
        FROM role r
        <where>
            <if test="userId != null">
                and exists(select 1 from user_role ur WHERE ur.USER_ID = #{userId} AND ur.ROLE_ID = r.ID)
            </if>
        </where>

        order by seq
    </select>
</mapper>