<?xml version="1.0" encoding="UTF-8" ?>
<!DOCTYPE mapper PUBLIC "-//mybatis.org//DTD Mapper 3.0//EN" "http://mybatis.org/dtd/mybatis-3-mapper.dtd" >
<mapper namespace="com.bilibili.admin.mapper.StaffInfoMapper">

    <resultMap id="BaseResultMap" type="com.bilibili.admin.model.StaffDeptInfo">
        <id column="dept_id"  property="deptId" />
        <result column="dept_name"  property="deptName" />
        <result column="dept_desc"  property="deptDesc" />
    </resultMap>

    <resultMap id="StaffBaseResultMap" type="com.bilibili.admin.model.StaffInfo">
        <id column="staff_id" jdbcType="INTEGER" property="staffId" />
        <result column="staff_name"  property="staffName" />
        <result column="dept_id" jdbcType="INTEGER" property="deptId" />
        <result column="staff_phone"  property="staffPhone" />
        <result column="staff_address"  property="staffAddress" />
        <result column="staff_regist_time"  property="staffRegistTime" />
        <result column="staff_trip_mode" jdbcType="INTEGER" property="staffTripMode" />
        <result column="staff_play_state" jdbcType="INTEGER" property="staffPlayState" />
        <result column="staff_prize_state" property="staffPrizeState" />
        <result column="staff_place_info"  property="staffPlaceInfo" />
        <result column="staff_sign_state" jdbcType="INTEGER" property="staffSignState" />
        <result column="staff_qrcode_url"  property="staffQrcodeUrl" />
        <result column="creator"  property="creator" />
        <result column="create_time"  property="createTime" />
        <result column="dept_name" property="deptName"/>
        <result column="staff_recevie_state" jdbcType="INTEGER" property="staffRecevieState"/>
        <result column="staff_enter_state" jdbcType="INTEGER" property="staffEnterState"/>
    </resultMap>

    <!-- 根据部门名称查询部门ID start -->
    <select id="getDeptIdByDeptName" resultMap="BaseResultMap">
        select
            dept_id,
            dept_name,
            dept_desc
        from staff_dept_info
        where dept_name = #{deptName}
  </select>
    <!-- 根据部门名称查询部门ID end -->

    <!-- 条件查询员工信息 start -->
    <select id="listStaffInfo" resultMap="StaffBaseResultMap">
        select
        si.staff_id,
        si.staff_name,
        si.dept_id,
        si.staff_phone,
        si.staff_address,
        si.staff_regist_time,
        CASE WHEN si.staff_trip_mode = '0' THEN '自行前往'
              WHEN si.staff_trip_mode = '1' THEN '开车前往'
              WHEN si.staff_trip_mode = '2' THEN '公司班车'
        ELSE '' END staff_trip_mode,
        si.staff_play_state,
        CASE WHEN si.staff_prize_state = '0' THEN '未兑奖'
              WHEN si.staff_prize_state = '1' THEN '已兑奖'
        ELSE '' END staff_prize_state,
        si.staff_place_info,
        CASE WHEN si.staff_sign_state = '0' THEN '未签到'
              WHEN si.staff_sign_state = '1' THEN '已签到'
        ELSE '' END staff_sign_state,
        CASE WHEN si.staff_recevie_state = '0' THEN '未领取'
        WHEN si.staff_recevie_state = '1' THEN '已领取'
        ELSE '' END staff_recevie_state,
        CASE WHEN si.staff_enter_state = '0' THEN '未入园'
        WHEN si.staff_enter_state = '1' THEN '已入园'
        ELSE '' END staff_enter_state,
        si.staff_qrcode_url,
        si.creator,
        si.create_time,
        sdi.dept_name
    from staff_info si left join staff_dept_info sdi
    on si.dept_id = sdi.dept_id
    where 1=1
        <if test="staffInfo.deptName != null and staffInfo.deptName != ''">
            and sdi.dept_name = #{staffInfo.deptName}
        </if>
        <if test="staffInfo.staffName != null and staffInfo.staffName != ''">
            and si.staff_name = #{staffInfo.staffName}
        </if>
  </select>
    <!-- 条件查询员工信息 end -->

    <!-- 将excel表格中的数据导入到数据库中 start -->
    <insert id="importStaffInfo" >
        INSERT INTO staff_info(
        staff_name,
        dept_id,
        dept_name,
        staff_phone,
        staff_address,
        staff_place_info,
        staff_uuid
        )
        VALUES
        <foreach collection ="list" item="item" separator =",">
            (#{item.staffName},
            #{item.deptId},
            #{item.deptName},
            #{item.staffPhone},
            #{item.staffAddress},
            #{item.staffPlaceInfo},
            #{item.staffUuid})
        </foreach >
    </insert>
    <!-- 将excel表格中的数据导入到数据库中 end -->

    <!-- 编辑员工信息 start -->
    <update id="editStaff" >
        update staff_info
        <set>
            <if test="staffInfo.staffName != null and staffInfo.staffName != ''">
                staff_name = #{staffInfo.staffName},
            </if>
            <if test="staffInfo.deptName != null and staffInfo.deptName != ''">
                dept_name = #{staffInfo.deptName},
            </if>
            <if test="staffInfo.staffPhone != null and staffInfo.staffPhone != ''">
                staff_phone = #{staffInfo.staffPhone},
            </if>
            <if test="staffInfo.staffAddress != null and staffInfo.staffAddress != ''">
                staff_address = #{staffInfo.staffAddress},
            </if>
            <if test="staffInfo.staffRegistTime != null">
                staff_name = #{staffInfo.staffName},
            </if>
            <if test="staffInfo.staffTripMode != null">
                staff_trip_mode = #{staffInfo.staffTripMode},
            </if>
            <if test="staffInfo.staffPlayState != null">
                staff_play_state = #{staffInfo.staffPlayState},
            </if>
            <if test="staffInfo.staffPrizeState != null">
                staff_prize_state = #{staffInfo.staffPrizeState},
            </if>
            <if test="staffInfo.staffPlaceInfo != null and staffInfo.staffPlaceInfo != ''">
                staff_place_info = #{staffInfo.staffPlaceInfo},
            </if>
            <if test="staffInfo.staffSignState != null">
                staff_sign_state = #{staffInfo.staffSignState},
            </if>
            <if test="staffInfo.staffQrcodeUrl != null and staffInfo.staffQrcodeUrl != ''">
                staff_qrcode_url = #{staffInfo.staffQrcodeUrl},
            </if>
            <if test="staffInfo.deptId != null">
                dept_id = #{staffInfo.deptId},
            </if>
            <if test="staffInfo.staffRecevieState != null">
                staff_recevie_state = #{staffInfo.staffRecevieState},
            </if>
            <if test="staffInfo.staffEnterState != null">
                staff_enter_state = #{staffInfo.staffEnterState},
            </if>
        </set>
        where staff_id = #{staffInfo.staffId}
    </update>
    <!-- 编辑员工信息 end -->
</mapper>