<?xml version="1.0" encoding="UTF-8" ?>
<!DOCTYPE mapper PUBLIC "-//mybatis.org//DTD Mapper 3.0//EN" "http://mybatis.org/dtd/mybatis-3-mapper.dtd" >
<mapper namespace="com.bilibili.admin.mapper.StaffInfoCustomizedMapper">
    <resultMap id="BaseResultMap" type="com.bilibili.admin.model.StaffInfoCustomized">
        <result column="staff_id" jdbcType="INTEGER" property="staffId"/>
        <result column="staff_name" jdbcType="VARCHAR" property="staffName"/>
        <result column="dept_id" jdbcType="INTEGER" property="deptId"/>
        <result column="dept_name" jdbcType="VARCHAR" property="deptName"/>
    </resultMap>

    <select id="countValidUser" resultType="java.lang.Integer">
        SELECT
            COUNT(*)
        FROM staff_info s
        WHERE 1 = 1
        AND NOT EXISTS(SELECT * FROM activity_lucky_dog_info ald WHERE ald.user_id = s.staff_id AND ald.activity_type != 1 AND ald.status = 1)
        <if test="departmentIdList != null and departmentIdList.size() > 0">
            AND s.dept_id IN
            <foreach collection="departmentIdList" item="departmentId" open="(" separator="," close=")">
                #{departmentId}
            </foreach>
        </if>
    </select>

    <select id="selectValidUser" resultMap="BaseResultMap">
        SELECT
            s.staff_id as staff_id,
            s.staff_name as staff_name,
            s.dept_id as dept_id,
            s.dept_name as dept_name
        FROM staff_info s
        WHERE 1 = 1
        AND NOT EXISTS(SELECT * FROM activity_lucky_dog_info ald WHERE ald.user_id = s.staff_id AND ald.activity_type != 1  AND ald.status = 1)
        <if test="departmentIdList != null and departmentIdList.size() > 0">
            AND s.dept_id IN
            <foreach collection="departmentIdList" item="departmentId" open="(" separator="," close=")">
                #{departmentId}
            </foreach>
        </if>
    </select>

    <select id="selectByUserIdList" resultMap="BaseResultMap">
        SELECT
            s.staff_id as staff_id,
            s.staff_name as staff_name,
            s.dept_id as dept_id,
            s.dept_name as dept_name
        FROM staff_info s
        WHERE 1 = 1
        <if test="userIdList != null and userIdList.size() > 0">
            AND s.staff_id IN
            <foreach collection="userIdList" item="userId" open="(" separator="," close=")">
                #{userId}
            </foreach>
        </if>
    </select>

</mapper>